#
# A fatal error has been detected by the Java Runtime Environment:
#
#  SIGSEGV (0xb) at pc=0x0000000128dcd3b0, pid=3374, tid=259
#
# JRE version: OpenJDK Runtime Environment Homebrew (17.0.14) (build 17.0.14+0)
# Java VM: OpenJDK 64-Bit Server VM Homebrew (17.0.14+0, mixed mode, sharing, tiered, compressed oops, compressed class ptrs, g1 gc, bsd-aarch64)
# Problematic frame:
# C  [libglass.dylib+0x93b0]  JNI_OnLoad+0xea8
#
# No core dump will be written. Core dumps have been disabled. To enable core dumping, try "ulimit -c unlimited" before starting Java again
#
# If you would like to submit a bug report, please visit:
#   https://github.com/Homebrew/homebrew-core/issues
#

---------------  S U M M A R Y ------------

Command Line: --module-path=/Users/kristijan/Developer/IdeaProjects/javafx-sdk-21.0.10/lib --add-modules=javafx.controls,javafx.fxml -Djava.library.path=/Users/kristijan/Developer/IdeaProjects/javafx-sdk-21.0.10/lib -javaagent:/Applications/IntelliJ IDEA.app/Contents/lib/idea_rt.jar=50904 -Dfile.encoding=UTF-8 walkability.Main

Host: "Mac15,12" arm64, 8 cores, 16G, Darwin 25.1.0, macOS 26.1 (25B78)
Time: Sun Apr 12 11:59:16 2026 CEST elapsed time: 8.868475 seconds (0d 0h 0m 8s)

---------------  T H R E A D  ---------------

Current thread is native thread

Stack: [0x000000016e8e8000,0x000000016f0e4000],  sp=0x000000016f0df060,  free space=8156k
Native frames: (J=compiled Java code, j=interpreted, Vv=VM code, C=native code)
C  [libglass.dylib+0x93b0]  JNI_OnLoad+0xea8
C  [CoreFoundation+0x56484]  __CFNOTIFICATIONCENTER_IS_CALLING_OUT_TO_AN_OBSERVER__+0x94
C  [CoreFoundation+0xbaf34]  ___CFXRegistrationPost_block_invoke+0x5c
C  [CoreFoundation+0xbae78]  _CFXRegistrationPost+0x1b4
C  [CoreFoundation+0x34f9c]  _CFXNotificationPost+0x2e4
C  [Foundation+0xa0c308]  -[NSNotificationCenter postNotificationName:object:userInfo:]+0x58
C  [AppKit+0x57fcac]  -[NSApplication _doHideMaybeFakingIt:]+0x100
C  [AppKit+0xe20a8]  _hideShowHandler+0x70
C  [HIToolbox+0xb5600]  DispatchEventToHandlers(EventTargetRec*, OpaqueEventRef*, HandlerCallRec*)+0x4f4
C  [HIToolbox+0xc6324]  SendEventToEventTargetInternal(OpaqueEventRef*, OpaqueEventTargetRef*, HandlerCallRec*)+0x13c
C  [HIToolbox+0xb450c]  SendEventToEventTarget+0x28
C  [AppKit+0x1ff88]  _DPSNextEvent+0x3a0
C  [AppKit+0xaedf44]  -[NSApplication(NSEventRouting) _nextEventMatchingEventMask:untilDate:inMode:dequeue:]+0x2b0
C  [AppKit+0xaedc50]  -[NSApplication(NSEventRouting) nextEventMatchingMask:untilDate:inMode:dequeue:]+0x48
C  [AppKit+0x18780]  -[NSApplication run]+0x170
C  [libosxapp.dylib+0x7500]  +[NSApplicationAWT runAWTLoopWithApp:]+0x84
C  [libawt_lwawt.dylib+0x66f78]  +[AWTStarter starter:headless:]+0x17c
C  [libosxapp.dylib+0x8d08]  +[ThreadUtilities invokeBlockCopy:]+0x1c
C  [Foundation+0x38114]  __NSThreadPerformPerform+0x108
C  [CoreFoundation+0x5f9e8]  __CFRUNLOOP_IS_CALLING_OUT_TO_A_SOURCE0_PERFORM_FUNCTION__+0x1c
C  [CoreFoundation+0x5f97c]  __CFRunLoopDoSource0+0xac
C  [CoreFoundation+0x5f6e8]  __CFRunLoopDoSources0+0xe8
C  [CoreFoundation+0x5e378]  __CFRunLoopRun+0x334
C  [CoreFoundation+0x11835c]  _CFRunLoopRunSpecificWithOptions+0x214
C  [libjli.dylib+0xb584]  CreateExecutionEnvironment+0x190
C  [libjli.dylib+0x7af0]  JLI_Launch+0x4b0
C  [java+0x3ba0]  main+0x18c
C  [dyld+0x8d54]  start+0x1c10


siginfo: si_signo: 11 (SIGSEGV), si_code: 2 (SEGV_ACCERR), si_addr: 0x0000000000000000

Registers:
 x0=0x0000000878a804e0  x1=0x000000087b400000  x2=0x00000000003ff800  x3=0x000000010123bc80
 x4=0x0000000878a804e0  x5=0x0000000000000000  x6=0xffffffffbfc007ff  x7=0xfffff0003ffff800
 x8=0x000000087b4000b0  x9=0x00000000a1a1a1a1 x10=0x0000000b8a7ff660 x11=0x0000000000000003
x12=0x0000000000000002 x13=0x000000087883cdd0 x14=0x01000001f22210c9 x15=0x00000001f22210c8
x16=0x00000001853dbde8 x17=0x00000001f37e1b68 x18=0x0000000000000000 x19=0x000000087a94ba50
x20=0x0000000000000000 x21=0x0000000878a804e0 x22=0x0000000128e11648 x23=0x000000087ba680e0
x24=0x0000000000000000 x25=0x0000000000041400 x26=0x0000000000000000 x27=0x0000001f0000001c
x28=0x000000016f0df568  fp=0x000000016f0df4b0  lr=0x0000000128dcd3ac  sp=0x000000016f0df060
pc=0x0000000128dcd3b0 cpsr=0x0000000080001000

Top of Stack: (sp=0x000000016f0df060)
0x000000016f0df060:   0000000128df9eb8 0000000128df9ccf
0x000000016f0df070:   0000000000000158 0000000128dcd360
0x000000016f0df080:   00000001858bb484 000000018591ff34
0x000000016f0df090:   000000018591fe78 0000000185899f9c
0x000000016f0df0a0:   0000000187abb308 000000018a22dcac
0x000000016f0df0b0:   0000000189d900a8 0000000192374600
0x000000016f0df0c0:   0000000192385324 000000019237350c
0x000000016f0df0d0:   0000000189ccdf88 000000018a79bf44
0x000000016f0df0e0:   000000018a79bc50 0000000189cc6780
0x000000016f0df0f0:   000000013f74f500 000000013fa12f78
0x000000016f0df100:   000000013f750d08 00000001870e7114
0x000000016f0df110:   00000001858c49e8 00000001858c497c
0x000000016f0df120:   00000001858c46e8 00000001858c3378
0x000000016f0df130:   000000018597d35c 0000000100d5f584
0x000000016f0df140:   0000000100d5baf0 0000000100d1fba0
0x000000016f0df150:   000000018545dd54 0000000000000000
0x000000016f0df160:   0000000000000000 0000000000000000
0x000000016f0df170:   0000000000000000 0000000000000000
0x000000016f0df180:   0000000000000000 0000000000000000
0x000000016f0df190:   0000000000000000 0000000000000000
0x000000016f0df1a0:   0000000000000000 0000000000000000
0x000000016f0df1b0:   0000000000000000 0000000000000000
0x000000016f0df1c0:   0000000000000000 0000000000000000
0x000000016f0df1d0:   0000000000000000 0000000000000000
0x000000016f0df1e0:   0000000000000000 0000000000000000
0x000000016f0df1f0:   0000000000000000 0000000000000000
0x000000016f0df200:   0000000000000000 0000000000000000
0x000000016f0df210:   0000000000000000 0000000000000000
0x000000016f0df220:   0000000000000000 0000000000000000
0x000000016f0df230:   0000000000000000 0000000000000000
0x000000016f0df240:   0000000000000000 0000000000000000
0x000000016f0df250:   0000000000000000 0000000000000000 

Instructions: (pc=0x0000000128dcd3b0)
0x0000000128dcd2b0:   a8 83 5c f8 1f 20 03 d5 49 73 1b 58 29 01 40 f9
0x0000000128dcd2c0:   3f 01 08 eb e1 00 00 54 ff 83 10 91 fd 7b 43 a9
0x0000000128dcd2d0:   f4 4f 42 a9 f6 57 41 a9 f8 5f c4 a8 c0 03 5f d6
0x0000000128dcd2e0:   5f 96 00 94 f8 5f bc a9 f6 57 01 a9 f4 4f 02 a9
0x0000000128dcd2f0:   fd 7b 03 a9 fd c3 00 91 ff 83 10 d1 f3 03 00 aa
0x0000000128dcd300:   1f 20 03 d5 e8 70 1b 58 08 01 40 f9 a8 83 1c f8
0x0000000128dcd310:   d6 19 22 10 1f 20 03 d5 d4 02 40 f9 34 04 00 b5
0x0000000128dcd320:   1f 20 03 d5 28 70 1b 58 00 01 40 f9 0a 2b 80 52
0x0000000128dcd330:   e8 4c 16 70 1f 20 03 d5 09 5c 16 10 1f 20 03 d5
0x0000000128dcd340:   e8 ab 00 a9 e9 03 00 f9 21 01 16 50 1f 20 03 d5
0x0000000128dcd350:   7c 96 00 94 e0 63 00 91 01 10 80 52 4c 96 00 94
0x0000000128dcd360:   f5 03 00 aa e0 63 00 91 e1 03 15 aa 4b 96 00 94
0x0000000128dcd370:   f4 03 00 aa bf 06 00 71 eb 00 00 54 f5 03 15 2a
0x0000000128dcd380:   f7 03 14 aa e0 86 40 f8 52 97 00 94 b5 06 00 f1
0x0000000128dcd390:   a1 ff ff 54 e0 03 14 aa 70 96 00 94 d4 02 40 f9
0x0000000128dcd3a0:   1f 20 03 d5 60 83 20 58 f0 96 00 94 f5 03 00 aa
0x0000000128dcd3b0:   88 02 40 f9 16 f5 40 f9 73 0a 40 f9 1f 20 03 d5
0x0000000128dcd3c0:   c0 82 20 58 ef 99 00 94 e2 03 00 aa e0 03 14 aa
0x0000000128dcd3d0:   e1 03 13 aa c0 02 3f d6 e0 03 15 aa d9 9e 00 94
0x0000000128dcd3e0:   88 02 40 f9 08 3d 40 f9 e0 03 14 aa 00 01 3f d6
0x0000000128dcd3f0:   a0 02 00 b4 f3 03 00 aa 88 02 40 f9 08 45 40 f9
0x0000000128dcd400:   e0 03 14 aa 00 01 3f d6 88 02 40 f9 08 35 42 f9
0x0000000128dcd410:   1f 20 03 d5 1f 20 03 d5 c1 11 22 58 1f 20 03 d5
0x0000000128dcd420:   1f 20 03 d5 22 1f 22 58 f3 03 00 f9 e0 03 14 aa
0x0000000128dcd430:   00 01 3f d6 88 02 40 f9 08 45 40 f9 e0 03 14 aa
0x0000000128dcd440:   00 01 3f d6 a8 83 5c f8 1f 20 03 d5 a9 66 1b 58
0x0000000128dcd450:   29 01 40 f9 3f 01 08 eb e1 00 00 54 ff 83 10 91
0x0000000128dcd460:   fd 7b 43 a9 f4 4f 42 a9 f6 57 41 a9 f8 5f c4 a8
0x0000000128dcd470:   c0 03 5f d6 fa 95 00 94 f8 5f bc a9 f6 57 01 a9
0x0000000128dcd480:   f4 4f 02 a9 fd 7b 03 a9 fd c3 00 91 ff 83 10 d1
0x0000000128dcd490:   f3 03 00 aa 1f 20 03 d5 48 64 1b 58 08 01 40 f9
0x0000000128dcd4a0:   a8 83 1c f8 36 0d 22 10 1f 20 03 d5 d4 02 40 f9 



---------------  P R O C E S S  ---------------

VM state: not at safepoint (normal execution)

VM Mutex/Monitor currently owned by a thread: None

Heap address: 0x0000000300800000, size: 4096 MB, Compressed Oops mode: Zero based, Oop shift amount: 3

CDS archive(s) mapped at: [0x0000009000000000-0x0000009000bc0000-0x0000009000bc0000), size 12320768, SharedBaseAddress: 0x0000009000000000, ArchiveRelocationMode: 1.
Compressed class space mapped at: 0x0000009001000000-0x0000009041000000, reserved size: 1073741824
Narrow klass base: 0x0000009000000000, Narrow klass shift: 0, Narrow klass range: 0x100000000

GC Precious Log:
<Skipped>

Heap:
 garbage-first heap   total 466944K, used 263572K [0x0000000300800000, 0x0000000400800000)
  region size 2048K, 119 young (243712K), 1 survivors (2048K)
 Metaspace       used 8713K, committed 8896K, reserved 1114112K
  class space    used 1096K, committed 1216K, reserved 1048576K

Heap Regions: E=young(eden), S=young(survivor), O=old, HS=humongous(starts), HC=humongous(continues), CS=collection set, F=free, OA=open archive, CA=closed archive, TAMS=top-at-mark-start (previous, next)
|   0|0x0000000300800000, 0x0000000300a00000, 0x0000000300a00000|100%| O|  |TAMS 0x0000000300800000, 0x0000000300800000| Untracked 
|   1|0x0000000300a00000, 0x0000000300c00000, 0x0000000300c00000|100%| O|  |TAMS 0x0000000300a00000, 0x0000000300a00000| Untracked 
|   2|0x0000000300c00000, 0x0000000300d79000, 0x0000000300e00000| 73%| O|  |TAMS 0x0000000300c00000, 0x0000000300c00000| Untracked 
|   3|0x0000000300e00000, 0x0000000301000000, 0x0000000301000000|100%|HS|  |TAMS 0x0000000300e00000, 0x0000000300e00000| Complete 
|   4|0x0000000301000000, 0x0000000301200000, 0x0000000301200000|100%|HS|  |TAMS 0x0000000301000000, 0x0000000301000000| Complete 
|   5|0x0000000301200000, 0x0000000301400000, 0x0000000301400000|100%|HC|  |TAMS 0x0000000301200000, 0x0000000301200000| Complete 
|   6|0x0000000301400000, 0x0000000301600000, 0x0000000301600000|100%|HS|  |TAMS 0x0000000301400000, 0x0000000301400000| Complete 
|   7|0x0000000301600000, 0x0000000301800000, 0x0000000301800000|100%|HS|  |TAMS 0x0000000301600000, 0x0000000301600000| Complete 
|   8|0x0000000301800000, 0x0000000301a00000, 0x0000000301a00000|100%|HS|  |TAMS 0x0000000301800000, 0x0000000301800000| Complete 
|   9|0x0000000301a00000, 0x0000000301c00000, 0x0000000301c00000|100%|HC|  |TAMS 0x0000000301a00000, 0x0000000301a00000| Complete 
|  10|0x0000000301c00000, 0x0000000301c00000, 0x0000000301e00000|  0%| F|  |TAMS 0x0000000301c00000, 0x0000000301c00000| Untracked 
|  11|0x0000000301e00000, 0x0000000301e00000, 0x0000000302000000|  0%| F|  |TAMS 0x0000000301e00000, 0x0000000301e00000| Untracked 
|  12|0x0000000302000000, 0x0000000302000000, 0x0000000302200000|  0%| F|  |TAMS 0x0000000302000000, 0x0000000302000000| Untracked 
|  13|0x0000000302200000, 0x0000000302200000, 0x0000000302400000|  0%| F|  |TAMS 0x0000000302200000, 0x0000000302200000| Untracked 
|  14|0x0000000302400000, 0x0000000302400000, 0x0000000302600000|  0%| F|  |TAMS 0x0000000302400000, 0x0000000302400000| Untracked 
|  15|0x0000000302600000, 0x0000000302600000, 0x0000000302800000|  0%| F|  |TAMS 0x0000000302600000, 0x0000000302600000| Untracked 
|  16|0x0000000302800000, 0x0000000302800000, 0x0000000302a00000|  0%| F|  |TAMS 0x0000000302800000, 0x0000000302800000| Untracked 
|  17|0x0000000302a00000, 0x0000000302a00000, 0x0000000302c00000|  0%| F|  |TAMS 0x0000000302a00000, 0x0000000302a00000| Untracked 
|  18|0x0000000302c00000, 0x0000000302c00000, 0x0000000302e00000|  0%| F|  |TAMS 0x0000000302c00000, 0x0000000302c00000| Untracked 
|  19|0x0000000302e00000, 0x0000000302e00000, 0x0000000303000000|  0%| F|  |TAMS 0x0000000302e00000, 0x0000000302e00000| Untracked 
|  20|0x0000000303000000, 0x0000000303000000, 0x0000000303200000|  0%| F|  |TAMS 0x0000000303000000, 0x0000000303000000| Untracked 
|  21|0x0000000303200000, 0x0000000303200000, 0x0000000303400000|  0%| F|  |TAMS 0x0000000303200000, 0x0000000303200000| Untracked 
|  22|0x0000000303400000, 0x0000000303400000, 0x0000000303600000|  0%| F|  |TAMS 0x0000000303400000, 0x0000000303400000| Untracked 
|  23|0x0000000303600000, 0x0000000303600000, 0x0000000303800000|  0%| F|  |TAMS 0x0000000303600000, 0x0000000303600000| Untracked 
|  24|0x0000000303800000, 0x0000000303800000, 0x0000000303a00000|  0%| F|  |TAMS 0x0000000303800000, 0x0000000303800000| Untracked 
|  25|0x0000000303a00000, 0x0000000303a00000, 0x0000000303c00000|  0%| F|  |TAMS 0x0000000303a00000, 0x0000000303a00000| Untracked 
|  26|0x0000000303c00000, 0x0000000303c00000, 0x0000000303e00000|  0%| F|  |TAMS 0x0000000303c00000, 0x0000000303c00000| Untracked 
|  27|0x0000000303e00000, 0x0000000303e00000, 0x0000000304000000|  0%| F|  |TAMS 0x0000000303e00000, 0x0000000303e00000| Untracked 
|  28|0x0000000304000000, 0x0000000304000000, 0x0000000304200000|  0%| F|  |TAMS 0x0000000304000000, 0x0000000304000000| Untracked 
|  29|0x0000000304200000, 0x0000000304200000, 0x0000000304400000|  0%| F|  |TAMS 0x0000000304200000, 0x0000000304200000| Untracked 
|  30|0x0000000304400000, 0x0000000304400000, 0x0000000304600000|  0%| F|  |TAMS 0x0000000304400000, 0x0000000304400000| Untracked 
|  31|0x0000000304600000, 0x0000000304600000, 0x0000000304800000|  0%| F|  |TAMS 0x0000000304600000, 0x0000000304600000| Untracked 
|  32|0x0000000304800000, 0x0000000304800000, 0x0000000304a00000|  0%| F|  |TAMS 0x0000000304800000, 0x0000000304800000| Untracked 
|  33|0x0000000304a00000, 0x0000000304a00000, 0x0000000304c00000|  0%| F|  |TAMS 0x0000000304a00000, 0x0000000304a00000| Untracked 
|  34|0x0000000304c00000, 0x0000000304c00000, 0x0000000304e00000|  0%| F|  |TAMS 0x0000000304c00000, 0x0000000304c00000| Untracked 
|  35|0x0000000304e00000, 0x0000000304e00000, 0x0000000305000000|  0%| F|  |TAMS 0x0000000304e00000, 0x0000000304e00000| Untracked 
|  36|0x0000000305000000, 0x0000000305000000, 0x0000000305200000|  0%| F|  |TAMS 0x0000000305000000, 0x0000000305000000| Untracked 
|  37|0x0000000305200000, 0x0000000305200000, 0x0000000305400000|  0%| F|  |TAMS 0x0000000305200000, 0x0000000305200000| Untracked 
|  38|0x0000000305400000, 0x0000000305400000, 0x0000000305600000|  0%| F|  |TAMS 0x0000000305400000, 0x0000000305400000| Untracked 
|  39|0x0000000305600000, 0x0000000305600000, 0x0000000305800000|  0%| F|  |TAMS 0x0000000305600000, 0x0000000305600000| Untracked 
|  40|0x0000000305800000, 0x0000000305800000, 0x0000000305a00000|  0%| F|  |TAMS 0x0000000305800000, 0x0000000305800000| Untracked 
|  41|0x0000000305a00000, 0x0000000305a00000, 0x0000000305c00000|  0%| F|  |TAMS 0x0000000305a00000, 0x0000000305a00000| Untracked 
|  42|0x0000000305c00000, 0x0000000305c00000, 0x0000000305e00000|  0%| F|  |TAMS 0x0000000305c00000, 0x0000000305c00000| Untracked 
|  43|0x0000000305e00000, 0x0000000305e00000, 0x0000000306000000|  0%| F|  |TAMS 0x0000000305e00000, 0x0000000305e00000| Untracked 
|  44|0x0000000306000000, 0x0000000306000000, 0x0000000306200000|  0%| F|  |TAMS 0x0000000306000000, 0x0000000306000000| Untracked 
|  45|0x0000000306200000, 0x0000000306200000, 0x0000000306400000|  0%| F|  |TAMS 0x0000000306200000, 0x0000000306200000| Untracked 
|  46|0x0000000306400000, 0x0000000306400000, 0x0000000306600000|  0%| F|  |TAMS 0x0000000306400000, 0x0000000306400000| Untracked 
|  47|0x0000000306600000, 0x0000000306600000, 0x0000000306800000|  0%| F|  |TAMS 0x0000000306600000, 0x0000000306600000| Untracked 
|  48|0x0000000306800000, 0x0000000306800000, 0x0000000306a00000|  0%| F|  |TAMS 0x0000000306800000, 0x0000000306800000| Untracked 
|  49|0x0000000306a00000, 0x0000000306a00000, 0x0000000306c00000|  0%| F|  |TAMS 0x0000000306a00000, 0x0000000306a00000| Untracked 
|  50|0x0000000306c00000, 0x0000000306c00000, 0x0000000306e00000|  0%| F|  |TAMS 0x0000000306c00000, 0x0000000306c00000| Untracked 
|  51|0x0000000306e00000, 0x0000000306e00000, 0x0000000307000000|  0%| F|  |TAMS 0x0000000306e00000, 0x0000000306e00000| Untracked 
|  52|0x0000000307000000, 0x0000000307000000, 0x0000000307200000|  0%| F|  |TAMS 0x0000000307000000, 0x0000000307000000| Untracked 
|  53|0x0000000307200000, 0x0000000307200000, 0x0000000307400000|  0%| F|  |TAMS 0x0000000307200000, 0x0000000307200000| Untracked 
|  54|0x0000000307400000, 0x0000000307400000, 0x0000000307600000|  0%| F|  |TAMS 0x0000000307400000, 0x0000000307400000| Untracked 
|  55|0x0000000307600000, 0x0000000307600000, 0x0000000307800000|  0%| F|  |TAMS 0x0000000307600000, 0x0000000307600000| Untracked 
|  56|0x0000000307800000, 0x0000000307800000, 0x0000000307a00000|  0%| F|  |TAMS 0x0000000307800000, 0x0000000307800000| Untracked 
|  57|0x0000000307a00000, 0x0000000307a00000, 0x0000000307c00000|  0%| F|  |TAMS 0x0000000307a00000, 0x0000000307a00000| Untracked 
|  58|0x0000000307c00000, 0x0000000307c00000, 0x0000000307e00000|  0%| F|  |TAMS 0x0000000307c00000, 0x0000000307c00000| Untracked 
|  59|0x0000000307e00000, 0x0000000307e00000, 0x0000000308000000|  0%| F|  |TAMS 0x0000000307e00000, 0x0000000307e00000| Untracked 
|  60|0x0000000308000000, 0x0000000308000000, 0x0000000308200000|  0%| F|  |TAMS 0x0000000308000000, 0x0000000308000000| Untracked 
|  61|0x0000000308200000, 0x0000000308200000, 0x0000000308400000|  0%| F|  |TAMS 0x0000000308200000, 0x0000000308200000| Untracked 
|  62|0x0000000308400000, 0x0000000308400000, 0x0000000308600000|  0%| F|  |TAMS 0x0000000308400000, 0x0000000308400000| Untracked 
|  63|0x0000000308600000, 0x0000000308600000, 0x0000000308800000|  0%| F|  |TAMS 0x0000000308600000, 0x0000000308600000| Untracked 
|  64|0x0000000308800000, 0x0000000308800000, 0x0000000308a00000|  0%| F|  |TAMS 0x0000000308800000, 0x0000000308800000| Untracked 
|  65|0x0000000308a00000, 0x0000000308a00000, 0x0000000308c00000|  0%| F|  |TAMS 0x0000000308a00000, 0x0000000308a00000| Untracked 
|  66|0x0000000308c00000, 0x0000000308c00000, 0x0000000308e00000|  0%| F|  |TAMS 0x0000000308c00000, 0x0000000308c00000| Untracked 
|  67|0x0000000308e00000, 0x0000000308e00000, 0x0000000309000000|  0%| F|  |TAMS 0x0000000308e00000, 0x0000000308e00000| Untracked 
|  68|0x0000000309000000, 0x0000000309000000, 0x0000000309200000|  0%| F|  |TAMS 0x0000000309000000, 0x0000000309000000| Untracked 
|  69|0x0000000309200000, 0x0000000309200000, 0x0000000309400000|  0%| F|  |TAMS 0x0000000309200000, 0x0000000309200000| Untracked 
|  70|0x0000000309400000, 0x0000000309400000, 0x0000000309600000|  0%| F|  |TAMS 0x0000000309400000, 0x0000000309400000| Untracked 
|  71|0x0000000309600000, 0x0000000309600000, 0x0000000309800000|  0%| F|  |TAMS 0x0000000309600000, 0x0000000309600000| Untracked 
|  72|0x0000000309800000, 0x0000000309800000, 0x0000000309a00000|  0%| F|  |TAMS 0x0000000309800000, 0x0000000309800000| Untracked 
|  73|0x0000000309a00000, 0x0000000309a00000, 0x0000000309c00000|  0%| F|  |TAMS 0x0000000309a00000, 0x0000000309a00000| Untracked 
|  74|0x0000000309c00000, 0x0000000309c00000, 0x0000000309e00000|  0%| F|  |TAMS 0x0000000309c00000, 0x0000000309c00000| Untracked 
|  75|0x0000000309e00000, 0x0000000309e00000, 0x000000030a000000|  0%| F|  |TAMS 0x0000000309e00000, 0x0000000309e00000| Untracked 
|  76|0x000000030a000000, 0x000000030a000000, 0x000000030a200000|  0%| F|  |TAMS 0x000000030a000000, 0x000000030a000000| Untracked 
|  77|0x000000030a200000, 0x000000030a200000, 0x000000030a400000|  0%| F|  |TAMS 0x000000030a200000, 0x000000030a200000| Untracked 
|  78|0x000000030a400000, 0x000000030a400000, 0x000000030a600000|  0%| F|  |TAMS 0x000000030a400000, 0x000000030a400000| Untracked 
|  79|0x000000030a600000, 0x000000030a600000, 0x000000030a800000|  0%| F|  |TAMS 0x000000030a600000, 0x000000030a600000| Untracked 
|  80|0x000000030a800000, 0x000000030a800000, 0x000000030aa00000|  0%| F|  |TAMS 0x000000030a800000, 0x000000030a800000| Untracked 
|  81|0x000000030aa00000, 0x000000030aa00000, 0x000000030ac00000|  0%| F|  |TAMS 0x000000030aa00000, 0x000000030aa00000| Untracked 
|  82|0x000000030ac00000, 0x000000030ac00000, 0x000000030ae00000|  0%| F|  |TAMS 0x000000030ac00000, 0x000000030ac00000| Untracked 
|  83|0x000000030ae00000, 0x000000030ae00000, 0x000000030b000000|  0%| F|  |TAMS 0x000000030ae00000, 0x000000030ae00000| Untracked 
|  84|0x000000030b000000, 0x000000030b000000, 0x000000030b200000|  0%| F|  |TAMS 0x000000030b000000, 0x000000030b000000| Untracked 
|  85|0x000000030b200000, 0x000000030b200000, 0x000000030b400000|  0%| F|  |TAMS 0x000000030b200000, 0x000000030b200000| Untracked 
|  86|0x000000030b400000, 0x000000030b400000, 0x000000030b600000|  0%| F|  |TAMS 0x000000030b400000, 0x000000030b400000| Untracked 
|  87|0x000000030b600000, 0x000000030b600000, 0x000000030b800000|  0%| F|  |TAMS 0x000000030b600000, 0x000000030b600000| Untracked 
|  88|0x000000030b800000, 0x000000030b800000, 0x000000030ba00000|  0%| F|  |TAMS 0x000000030b800000, 0x000000030b800000| Untracked 
|  89|0x000000030ba00000, 0x000000030ba00000, 0x000000030bc00000|  0%| F|  |TAMS 0x000000030ba00000, 0x000000030ba00000| Untracked 
|  90|0x000000030bc00000, 0x000000030bc041f0, 0x000000030be00000|  0%| S|CS|TAMS 0x000000030bc00000, 0x000000030bc00000| Complete 
|  91|0x000000030be00000, 0x000000030be00000, 0x000000030c000000|  0%| F|  |TAMS 0x000000030be00000, 0x000000030be00000| Untracked 
|  92|0x000000030c000000, 0x000000030c000000, 0x000000030c200000|  0%| F|  |TAMS 0x000000030c000000, 0x000000030c000000| Untracked 
|  93|0x000000030c200000, 0x000000030c200000, 0x000000030c400000|  0%| F|  |TAMS 0x000000030c200000, 0x000000030c200000| Untracked 
|  94|0x000000030c400000, 0x000000030c400000, 0x000000030c600000|  0%| F|  |TAMS 0x000000030c400000, 0x000000030c400000| Untracked 
|  95|0x000000030c600000, 0x000000030c600000, 0x000000030c800000|  0%| F|  |TAMS 0x000000030c600000, 0x000000030c600000| Untracked 
|  96|0x000000030c800000, 0x000000030c800000, 0x000000030ca00000|  0%| F|  |TAMS 0x000000030c800000, 0x000000030c800000| Untracked 
|  97|0x000000030ca00000, 0x000000030ca00000, 0x000000030cc00000|  0%| F|  |TAMS 0x000000030ca00000, 0x000000030ca00000| Untracked 
|  98|0x000000030cc00000, 0x000000030cc00000, 0x000000030ce00000|  0%| F|  |TAMS 0x000000030cc00000, 0x000000030cc00000| Untracked 
|  99|0x000000030ce00000, 0x000000030ce00000, 0x000000030d000000|  0%| F|  |TAMS 0x000000030ce00000, 0x000000030ce00000| Untracked 
| 100|0x000000030d000000, 0x000000030d000000, 0x000000030d200000|  0%| F|  |TAMS 0x000000030d000000, 0x000000030d000000| Untracked 
| 101|0x000000030d200000, 0x000000030d200000, 0x000000030d400000|  0%| F|  |TAMS 0x000000030d200000, 0x000000030d200000| Untracked 
| 102|0x000000030d400000, 0x000000030d400000, 0x000000030d600000|  0%| F|  |TAMS 0x000000030d400000, 0x000000030d400000| Untracked 
| 103|0x000000030d600000, 0x000000030d600000, 0x000000030d800000|  0%| F|  |TAMS 0x000000030d600000, 0x000000030d600000| Untracked 
| 104|0x000000030d800000, 0x000000030d800000, 0x000000030da00000|  0%| F|  |TAMS 0x000000030d800000, 0x000000030d800000| Untracked 
| 105|0x000000030da00000, 0x000000030da00000, 0x000000030dc00000|  0%| F|  |TAMS 0x000000030da00000, 0x000000030da00000| Untracked 
| 106|0x000000030dc00000, 0x000000030dc00000, 0x000000030de00000|  0%| F|  |TAMS 0x000000030dc00000, 0x000000030dc00000| Untracked 
| 107|0x000000030de00000, 0x000000030de00000, 0x000000030e000000|  0%| F|  |TAMS 0x000000030de00000, 0x000000030de00000| Untracked 
| 108|0x000000030e000000, 0x000000030e200000, 0x000000030e200000|100%| E|  |TAMS 0x000000030e000000, 0x000000030e000000| Complete 
| 109|0x000000030e200000, 0x000000030e400000, 0x000000030e400000|100%| E|CS|TAMS 0x000000030e200000, 0x000000030e200000| Complete 
| 110|0x000000030e400000, 0x000000030e600000, 0x000000030e600000|100%| E|CS|TAMS 0x000000030e400000, 0x000000030e400000| Complete 
| 111|0x000000030e600000, 0x000000030e800000, 0x000000030e800000|100%| E|CS|TAMS 0x000000030e600000, 0x000000030e600000| Complete 
| 112|0x000000030e800000, 0x000000030ea00000, 0x000000030ea00000|100%| E|CS|TAMS 0x000000030e800000, 0x000000030e800000| Complete 
| 113|0x000000030ea00000, 0x000000030ec00000, 0x000000030ec00000|100%| E|CS|TAMS 0x000000030ea00000, 0x000000030ea00000| Complete 
| 114|0x000000030ec00000, 0x000000030ee00000, 0x000000030ee00000|100%| E|CS|TAMS 0x000000030ec00000, 0x000000030ec00000| Complete 
| 115|0x000000030ee00000, 0x000000030f000000, 0x000000030f000000|100%| E|CS|TAMS 0x000000030ee00000, 0x000000030ee00000| Complete 
| 116|0x000000030f000000, 0x000000030f200000, 0x000000030f200000|100%| E|CS|TAMS 0x000000030f000000, 0x000000030f000000| Complete 
| 117|0x000000030f200000, 0x000000030f400000, 0x000000030f400000|100%| E|CS|TAMS 0x000000030f200000, 0x000000030f200000| Complete 
| 118|0x000000030f400000, 0x000000030f600000, 0x000000030f600000|100%| E|CS|TAMS 0x000000030f400000, 0x000000030f400000| Complete 
| 119|0x000000030f600000, 0x000000030f800000, 0x000000030f800000|100%| E|CS|TAMS 0x000000030f600000, 0x000000030f600000| Complete 
| 120|0x000000030f800000, 0x000000030fa00000, 0x000000030fa00000|100%| E|CS|TAMS 0x000000030f800000, 0x000000030f800000| Complete 
| 121|0x000000030fa00000, 0x000000030fc00000, 0x000000030fc00000|100%| E|CS|TAMS 0x000000030fa00000, 0x000000030fa00000| Complete 
| 122|0x000000030fc00000, 0x000000030fe00000, 0x000000030fe00000|100%| E|CS|TAMS 0x000000030fc00000, 0x000000030fc00000| Complete 
| 123|0x000000030fe00000, 0x0000000310000000, 0x0000000310000000|100%| E|CS|TAMS 0x000000030fe00000, 0x000000030fe00000| Complete 
| 124|0x0000000310000000, 0x0000000310200000, 0x0000000310200000|100%| E|CS|TAMS 0x0000000310000000, 0x0000000310000000| Complete 
| 125|0x0000000310200000, 0x0000000310400000, 0x0000000310400000|100%| E|CS|TAMS 0x0000000310200000, 0x0000000310200000| Complete 
| 126|0x0000000310400000, 0x0000000310600000, 0x0000000310600000|100%| E|CS|TAMS 0x0000000310400000, 0x0000000310400000| Complete 
| 127|0x0000000310600000, 0x0000000310800000, 0x0000000310800000|100%| E|CS|TAMS 0x0000000310600000, 0x0000000310600000| Complete 
| 128|0x0000000310800000, 0x0000000310a00000, 0x0000000310a00000|100%| E|CS|TAMS 0x0000000310800000, 0x0000000310800000| Complete 
| 129|0x0000000310a00000, 0x0000000310c00000, 0x0000000310c00000|100%| E|CS|TAMS 0x0000000310a00000, 0x0000000310a00000| Complete 
| 130|0x0000000310c00000, 0x0000000310e00000, 0x0000000310e00000|100%| E|CS|TAMS 0x0000000310c00000, 0x0000000310c00000| Complete 
| 131|0x0000000310e00000, 0x0000000311000000, 0x0000000311000000|100%| E|CS|TAMS 0x0000000310e00000, 0x0000000310e00000| Complete 
| 132|0x0000000311000000, 0x0000000311200000, 0x0000000311200000|100%| E|CS|TAMS 0x0000000311000000, 0x0000000311000000| Complete 
| 133|0x0000000311200000, 0x0000000311400000, 0x0000000311400000|100%| E|CS|TAMS 0x0000000311200000, 0x0000000311200000| Complete 
| 134|0x0000000311400000, 0x0000000311600000, 0x0000000311600000|100%| E|CS|TAMS 0x0000000311400000, 0x0000000311400000| Complete 
| 135|0x0000000311600000, 0x0000000311800000, 0x0000000311800000|100%| E|CS|TAMS 0x0000000311600000, 0x0000000311600000| Complete 
| 136|0x0000000311800000, 0x0000000311a00000, 0x0000000311a00000|100%| E|CS|TAMS 0x0000000311800000, 0x0000000311800000| Complete 
| 137|0x0000000311a00000, 0x0000000311c00000, 0x0000000311c00000|100%| E|CS|TAMS 0x0000000311a00000, 0x0000000311a00000| Complete 
| 138|0x0000000311c00000, 0x0000000311e00000, 0x0000000311e00000|100%| E|CS|TAMS 0x0000000311c00000, 0x0000000311c00000| Complete 
| 139|0x0000000311e00000, 0x0000000312000000, 0x0000000312000000|100%| E|CS|TAMS 0x0000000311e00000, 0x0000000311e00000| Complete 
| 140|0x0000000312000000, 0x0000000312200000, 0x0000000312200000|100%| E|CS|TAMS 0x0000000312000000, 0x0000000312000000| Complete 
| 141|0x0000000312200000, 0x0000000312400000, 0x0000000312400000|100%| E|CS|TAMS 0x0000000312200000, 0x0000000312200000| Complete 
| 142|0x0000000312400000, 0x0000000312600000, 0x0000000312600000|100%| E|CS|TAMS 0x0000000312400000, 0x0000000312400000| Complete 
| 143|0x0000000312600000, 0x0000000312800000, 0x0000000312800000|100%| E|CS|TAMS 0x0000000312600000, 0x0000000312600000| Complete 
| 144|0x0000000312800000, 0x0000000312a00000, 0x0000000312a00000|100%| E|CS|TAMS 0x0000000312800000, 0x0000000312800000| Complete 
| 145|0x0000000312a00000, 0x0000000312c00000, 0x0000000312c00000|100%| E|CS|TAMS 0x0000000312a00000, 0x0000000312a00000| Complete 
| 146|0x0000000312c00000, 0x0000000312e00000, 0x0000000312e00000|100%| E|CS|TAMS 0x0000000312c00000, 0x0000000312c00000| Complete 
| 147|0x0000000312e00000, 0x0000000313000000, 0x0000000313000000|100%| E|CS|TAMS 0x0000000312e00000, 0x0000000312e00000| Complete 
| 148|0x0000000313000000, 0x0000000313200000, 0x0000000313200000|100%| E|CS|TAMS 0x0000000313000000, 0x0000000313000000| Complete 
| 149|0x0000000313200000, 0x0000000313400000, 0x0000000313400000|100%| E|CS|TAMS 0x0000000313200000, 0x0000000313200000| Complete 
| 150|0x0000000313400000, 0x0000000313600000, 0x0000000313600000|100%| E|CS|TAMS 0x0000000313400000, 0x0000000313400000| Complete 
| 151|0x0000000313600000, 0x0000000313800000, 0x0000000313800000|100%| E|CS|TAMS 0x0000000313600000, 0x0000000313600000| Complete 
| 152|0x0000000313800000, 0x0000000313a00000, 0x0000000313a00000|100%| E|CS|TAMS 0x0000000313800000, 0x0000000313800000| Complete 
| 153|0x0000000313a00000, 0x0000000313c00000, 0x0000000313c00000|100%| E|CS|TAMS 0x0000000313a00000, 0x0000000313a00000| Complete 
| 154|0x0000000313c00000, 0x0000000313e00000, 0x0000000313e00000|100%| E|CS|TAMS 0x0000000313c00000, 0x0000000313c00000| Complete 
| 155|0x0000000313e00000, 0x0000000314000000, 0x0000000314000000|100%| E|CS|TAMS 0x0000000313e00000, 0x0000000313e00000| Complete 
| 156|0x0000000314000000, 0x0000000314200000, 0x0000000314200000|100%| E|CS|TAMS 0x0000000314000000, 0x0000000314000000| Complete 
| 157|0x0000000314200000, 0x0000000314400000, 0x0000000314400000|100%| E|CS|TAMS 0x0000000314200000, 0x0000000314200000| Complete 
| 158|0x0000000314400000, 0x0000000314600000, 0x0000000314600000|100%| E|CS|TAMS 0x0000000314400000, 0x0000000314400000| Complete 
| 159|0x0000000314600000, 0x0000000314800000, 0x0000000314800000|100%| E|CS|TAMS 0x0000000314600000, 0x0000000314600000| Complete 
| 160|0x0000000314800000, 0x0000000314a00000, 0x0000000314a00000|100%| E|CS|TAMS 0x0000000314800000, 0x0000000314800000| Complete 
| 161|0x0000000314a00000, 0x0000000314c00000, 0x0000000314c00000|100%| E|CS|TAMS 0x0000000314a00000, 0x0000000314a00000| Complete 
| 162|0x0000000314c00000, 0x0000000314e00000, 0x0000000314e00000|100%| E|CS|TAMS 0x0000000314c00000, 0x0000000314c00000| Complete 
| 163|0x0000000314e00000, 0x0000000315000000, 0x0000000315000000|100%| E|CS|TAMS 0x0000000314e00000, 0x0000000314e00000| Complete 
| 164|0x0000000315000000, 0x0000000315200000, 0x0000000315200000|100%| E|CS|TAMS 0x0000000315000000, 0x0000000315000000| Complete 
| 165|0x0000000315200000, 0x0000000315400000, 0x0000000315400000|100%| E|CS|TAMS 0x0000000315200000, 0x0000000315200000| Complete 
| 166|0x0000000315400000, 0x0000000315600000, 0x0000000315600000|100%| E|CS|TAMS 0x0000000315400000, 0x0000000315400000| Complete 
| 167|0x0000000315600000, 0x0000000315800000, 0x0000000315800000|100%| E|CS|TAMS 0x0000000315600000, 0x0000000315600000| Complete 
| 168|0x0000000315800000, 0x0000000315a00000, 0x0000000315a00000|100%| E|CS|TAMS 0x0000000315800000, 0x0000000315800000| Complete 
| 169|0x0000000315a00000, 0x0000000315c00000, 0x0000000315c00000|100%| E|CS|TAMS 0x0000000315a00000, 0x0000000315a00000| Complete 
| 170|0x0000000315c00000, 0x0000000315e00000, 0x0000000315e00000|100%| E|CS|TAMS 0x0000000315c00000, 0x0000000315c00000| Complete 
| 171|0x0000000315e00000, 0x0000000316000000, 0x0000000316000000|100%| E|CS|TAMS 0x0000000315e00000, 0x0000000315e00000| Complete 
| 172|0x0000000316000000, 0x0000000316200000, 0x0000000316200000|100%| E|CS|TAMS 0x0000000316000000, 0x0000000316000000| Complete 
| 173|0x0000000316200000, 0x0000000316400000, 0x0000000316400000|100%| E|CS|TAMS 0x0000000316200000, 0x0000000316200000| Complete 
| 174|0x0000000316400000, 0x0000000316600000, 0x0000000316600000|100%| E|CS|TAMS 0x0000000316400000, 0x0000000316400000| Complete 
| 175|0x0000000316600000, 0x0000000316800000, 0x0000000316800000|100%| E|CS|TAMS 0x0000000316600000, 0x0000000316600000| Complete 
| 176|0x0000000316800000, 0x0000000316a00000, 0x0000000316a00000|100%| E|CS|TAMS 0x0000000316800000, 0x0000000316800000| Complete 
| 177|0x0000000316a00000, 0x0000000316c00000, 0x0000000316c00000|100%| E|CS|TAMS 0x0000000316a00000, 0x0000000316a00000| Complete 
| 178|0x0000000316c00000, 0x0000000316e00000, 0x0000000316e00000|100%| E|CS|TAMS 0x0000000316c00000, 0x0000000316c00000| Complete 
| 179|0x0000000316e00000, 0x0000000317000000, 0x0000000317000000|100%| E|CS|TAMS 0x0000000316e00000, 0x0000000316e00000| Complete 
| 180|0x0000000317000000, 0x0000000317200000, 0x0000000317200000|100%| E|CS|TAMS 0x0000000317000000, 0x0000000317000000| Complete 
| 181|0x0000000317200000, 0x0000000317400000, 0x0000000317400000|100%| E|CS|TAMS 0x0000000317200000, 0x0000000317200000| Complete 
| 182|0x0000000317400000, 0x0000000317600000, 0x0000000317600000|100%| E|CS|TAMS 0x0000000317400000, 0x0000000317400000| Complete 
| 183|0x0000000317600000, 0x0000000317800000, 0x0000000317800000|100%| E|CS|TAMS 0x0000000317600000, 0x0000000317600000| Complete 
| 184|0x0000000317800000, 0x0000000317a00000, 0x0000000317a00000|100%| E|CS|TAMS 0x0000000317800000, 0x0000000317800000| Complete 
| 185|0x0000000317a00000, 0x0000000317c00000, 0x0000000317c00000|100%| E|CS|TAMS 0x0000000317a00000, 0x0000000317a00000| Complete 
| 186|0x0000000317c00000, 0x0000000317e00000, 0x0000000317e00000|100%| E|CS|TAMS 0x0000000317c00000, 0x0000000317c00000| Complete 
| 187|0x0000000317e00000, 0x0000000318000000, 0x0000000318000000|100%| E|CS|TAMS 0x0000000317e00000, 0x0000000317e00000| Complete 
| 188|0x0000000318000000, 0x0000000318200000, 0x0000000318200000|100%| E|CS|TAMS 0x0000000318000000, 0x0000000318000000| Complete 
| 189|0x0000000318200000, 0x0000000318400000, 0x0000000318400000|100%| E|CS|TAMS 0x0000000318200000, 0x0000000318200000| Complete 
| 190|0x0000000318400000, 0x0000000318600000, 0x0000000318600000|100%| E|CS|TAMS 0x0000000318400000, 0x0000000318400000| Complete 
| 191|0x0000000318600000, 0x0000000318800000, 0x0000000318800000|100%| E|CS|TAMS 0x0000000318600000, 0x0000000318600000| Complete 
| 192|0x0000000318800000, 0x0000000318a00000, 0x0000000318a00000|100%| E|CS|TAMS 0x0000000318800000, 0x0000000318800000| Complete 
| 193|0x0000000318a00000, 0x0000000318c00000, 0x0000000318c00000|100%| E|CS|TAMS 0x0000000318a00000, 0x0000000318a00000| Complete 
| 194|0x0000000318c00000, 0x0000000318e00000, 0x0000000318e00000|100%| E|CS|TAMS 0x0000000318c00000, 0x0000000318c00000| Complete 
| 195|0x0000000318e00000, 0x0000000319000000, 0x0000000319000000|100%| E|CS|TAMS 0x0000000318e00000, 0x0000000318e00000| Complete 
| 196|0x0000000319000000, 0x0000000319200000, 0x0000000319200000|100%| E|CS|TAMS 0x0000000319000000, 0x0000000319000000| Complete 
| 197|0x0000000319200000, 0x0000000319400000, 0x0000000319400000|100%| E|CS|TAMS 0x0000000319200000, 0x0000000319200000| Complete 
| 198|0x0000000319400000, 0x0000000319600000, 0x0000000319600000|100%| E|CS|TAMS 0x0000000319400000, 0x0000000319400000| Complete 
| 199|0x0000000319600000, 0x0000000319800000, 0x0000000319800000|100%| E|CS|TAMS 0x0000000319600000, 0x0000000319600000| Complete 
| 200|0x0000000319800000, 0x0000000319a00000, 0x0000000319a00000|100%| E|CS|TAMS 0x0000000319800000, 0x0000000319800000| Complete 
| 201|0x0000000319a00000, 0x0000000319c00000, 0x0000000319c00000|100%| E|CS|TAMS 0x0000000319a00000, 0x0000000319a00000| Complete 
| 202|0x0000000319c00000, 0x0000000319e00000, 0x0000000319e00000|100%| E|CS|TAMS 0x0000000319c00000, 0x0000000319c00000| Complete 
| 203|0x0000000319e00000, 0x000000031a000000, 0x000000031a000000|100%| E|CS|TAMS 0x0000000319e00000, 0x0000000319e00000| Complete 
| 204|0x000000031a000000, 0x000000031a200000, 0x000000031a200000|100%| E|CS|TAMS 0x000000031a000000, 0x000000031a000000| Complete 
| 205|0x000000031a200000, 0x000000031a400000, 0x000000031a400000|100%| E|CS|TAMS 0x000000031a200000, 0x000000031a200000| Complete 
| 206|0x000000031a400000, 0x000000031a600000, 0x000000031a600000|100%| E|CS|TAMS 0x000000031a400000, 0x000000031a400000| Complete 
| 207|0x000000031a600000, 0x000000031a800000, 0x000000031a800000|100%| E|CS|TAMS 0x000000031a600000, 0x000000031a600000| Complete 
| 208|0x000000031a800000, 0x000000031aa00000, 0x000000031aa00000|100%| E|CS|TAMS 0x000000031a800000, 0x000000031a800000| Complete 
| 209|0x000000031aa00000, 0x000000031ac00000, 0x000000031ac00000|100%| E|CS|TAMS 0x000000031aa00000, 0x000000031aa00000| Complete 
| 210|0x000000031ac00000, 0x000000031ae00000, 0x000000031ae00000|100%| E|CS|TAMS 0x000000031ac00000, 0x000000031ac00000| Complete 
| 211|0x000000031ae00000, 0x000000031b000000, 0x000000031b000000|100%| E|CS|TAMS 0x000000031ae00000, 0x000000031ae00000| Complete 
| 212|0x000000031b000000, 0x000000031b200000, 0x000000031b200000|100%| E|CS|TAMS 0x000000031b000000, 0x000000031b000000| Complete 
| 213|0x000000031b200000, 0x000000031b400000, 0x000000031b400000|100%| E|CS|TAMS 0x000000031b200000, 0x000000031b200000| Complete 
| 214|0x000000031b400000, 0x000000031b600000, 0x000000031b600000|100%| E|CS|TAMS 0x000000031b400000, 0x000000031b400000| Complete 
| 215|0x000000031b600000, 0x000000031b800000, 0x000000031b800000|100%| E|CS|TAMS 0x000000031b600000, 0x000000031b600000| Complete 
| 216|0x000000031b800000, 0x000000031ba00000, 0x000000031ba00000|100%| E|CS|TAMS 0x000000031b800000, 0x000000031b800000| Complete 
| 217|0x000000031ba00000, 0x000000031bc00000, 0x000000031bc00000|100%| E|CS|TAMS 0x000000031ba00000, 0x000000031ba00000| Complete 
| 218|0x000000031bc00000, 0x000000031be00000, 0x000000031be00000|100%| E|CS|TAMS 0x000000031bc00000, 0x000000031bc00000| Complete 
| 219|0x000000031be00000, 0x000000031c000000, 0x000000031c000000|100%| E|CS|TAMS 0x000000031be00000, 0x000000031be00000| Complete 
| 220|0x000000031c000000, 0x000000031c200000, 0x000000031c200000|100%| E|CS|TAMS 0x000000031c000000, 0x000000031c000000| Complete 
| 221|0x000000031c200000, 0x000000031c400000, 0x000000031c400000|100%| E|CS|TAMS 0x000000031c200000, 0x000000031c200000| Complete 
| 222|0x000000031c400000, 0x000000031c600000, 0x000000031c600000|100%| E|CS|TAMS 0x000000031c400000, 0x000000031c400000| Complete 
| 223|0x000000031c600000, 0x000000031c800000, 0x000000031c800000|100%| E|CS|TAMS 0x000000031c600000, 0x000000031c600000| Complete 
| 224|0x000000031c800000, 0x000000031ca00000, 0x000000031ca00000|100%| E|CS|TAMS 0x000000031c800000, 0x000000031c800000| Complete 
| 225|0x000000031ca00000, 0x000000031cc00000, 0x000000031cc00000|100%| E|CS|TAMS 0x000000031ca00000, 0x000000031ca00000| Complete 
|2046|0x0000000400400000, 0x0000000400574000, 0x0000000400600000| 72%|OA|  |TAMS 0x0000000400400000, 0x0000000400400000| Untracked 
|2047|0x0000000400600000, 0x0000000400674000, 0x0000000400800000| 22%|CA|  |TAMS 0x0000000400600000, 0x0000000400600000| Untracked 

Card table byte_map: [0x000000011ddc4000,0x000000011e5c4000] _byte_map_base: 0x000000011c5c0000

Marking Bits (Prev, Next): (CMBitMap*) 0x000000087b488010, (CMBitMap*) 0x000000087b488050
 Prev Bits: [0x000000011edc4000, 0x0000000122dc4000)
 Next Bits: [0x0000000122dc4000, 0x0000000126dc4000)

Polling page: 0x0000000100d44000

Metaspace:

Usage:
  Non-class:      7.44 MB used.
      Class:      1.07 MB used.
       Both:      8.51 MB used.

Virtual space:
  Non-class space:       64.00 MB reserved,       7.50 MB ( 12%) committed,  1 nodes.
      Class space:        1.00 GB reserved,       1.19 MB ( <1%) committed,  1 nodes.
             Both:        1.06 GB reserved,       8.69 MB ( <1%) committed. 

Chunk freelists:
   Non-Class:  7.44 MB
       Class:  14.65 MB
        Both:  22.09 MB

MaxMetaspaceSize: unlimited
CompressedClassSpaceSize: 1.00 GB
Initial GC threshold: 21.00 MB
Current GC threshold: 21.00 MB
CDS: on
MetaspaceReclaimPolicy: balanced
 - commit_granule_bytes: 65536.
 - commit_granule_words: 8192.
 - virtual_space_node_default_size: 8388608.
 - enlarge_chunks_in_place: 1.
 - new_chunks_are_fully_committed: 0.
 - uncommit_free_chunks: 1.
 - use_allocation_guard: 0.
 - handle_deallocations: 1.


Internal statistics:

num_allocs_failed_limit: 0.
num_arena_births: 104.
num_arena_deaths: 0.
num_vsnodes_births: 2.
num_vsnodes_deaths: 0.
num_space_committed: 139.
num_space_uncommitted: 0.
num_chunks_returned_to_freelist: 0.
num_chunks_taken_from_freelist: 344.
num_chunk_merges: 0.
num_chunk_splits: 240.
num_chunks_enlarged: 189.
num_inconsistent_stats: 0.

CodeHeap 'non-profiled nmethods': size=120032Kb used=713Kb max_used=713Kb free=119318Kb
 bounds [0x000000011688c000, 0x0000000116afc000, 0x000000011ddc4000]
CodeHeap 'profiled nmethods': size=120016Kb used=2470Kb max_used=2470Kb free=117546Kb
 bounds [0x000000010edc4000, 0x000000010f034000, 0x00000001162f8000]
CodeHeap 'non-nmethods': size=5712Kb used=1303Kb max_used=1347Kb free=4408Kb
 bounds [0x00000001162f8000, 0x0000000116568000, 0x000000011688c000]
 total_blobs=2044 nmethods=1392 adapters=569
 compilation: enabled
              stopped_count=0, restarted_count=0
 full_count=0

Compilation events (20 events):
Event: 8.613 Thread 0x000000087a90de00 1400       4       jdk.internal.math.FloatingDecimal$BinaryToASCIIBuffer::estimateDecExp (182 bytes)
Event: 8.613 Thread 0x000000087a90de00 nmethod 1400 0x0000000116939c10 code [0x0000000116939e00, 0x0000000116939f30]
Event: 8.613 Thread 0x000000087a90de00 1402       4       jdk.internal.math.FloatingDecimal$BinaryToASCIIBuffer::getChars (502 bytes)
Event: 8.614 Thread 0x000000087a90de00 nmethod 1402 0x000000011693a010 code [0x000000011693a200, 0x000000011693a510]
Event: 8.614 Thread 0x000000087a90de00 1403       4       java.lang.StringBuilder::append (8 bytes)
Event: 8.619 Thread 0x000000087a90de00 nmethod 1403 0x000000011693a710 code [0x000000011693a9c0, 0x000000011693b3a0]
Event: 8.619 Thread 0x000000087a90de00 1404       4       jdk.internal.math.FloatingDecimal$BinaryToASCIIBuffer::appendTo (72 bytes)
Event: 8.622 Thread 0x000000087a90de00 nmethod 1404 0x000000011693bc10 code [0x000000011693be40, 0x000000011693c580]
Event: 8.622 Thread 0x000000087a90de00 1405       4       java.lang.AbstractStringBuilder::append (33 bytes)
Event: 8.625 Thread 0x000000087a90de00 nmethod 1405 0x000000011693ca10 code [0x000000011693cc40, 0x000000011693d390]
Event: 8.740 Thread 0x000000087a90e400 1429       3       java.security.AccessController::doPrivileged (9 bytes)
Event: 8.740 Thread 0x000000087a90e400 nmethod 1429 0x000000010f02cd90 code [0x000000010f02cf80, 0x000000010f02d2f8]
Event: 8.740 Thread 0x000000087a90e400 1430       1       jdk.internal.jimage.ImageHeader::getTableLength (5 bytes)
Event: 8.740 Thread 0x000000087a90e400 nmethod 1430 0x000000011693d790 code [0x000000011693d900, 0x000000011693d998]
Event: 8.740 Thread 0x000000087a90de00 1431       4       java.lang.Character::codePointAt (51 bytes)
Event: 8.741 Thread 0x000000087a90de00 nmethod 1431 0x000000011693da90 code [0x000000011693dc40, 0x000000011693ddb0]
Event: 8.743 Thread 0x000000087a90de00 1432       4       java.lang.Character::isJavaIdentifierStart (9 bytes)
Event: 8.743 Thread 0x000000087a90de00 nmethod 1432 0x000000011693df90 code [0x000000011693e140, 0x000000011693e290]
Event: 8.867 Thread 0x000000087a90e400 1434       3       jdk.internal.loader.NativeLibraries$NativeLibraryImpl::find (6 bytes)
Event: 8.867 Thread 0x000000087a90e400 nmethod 1434 0x000000010f02d490 code [0x000000010f02d640, 0x000000010f02d788]

GC Heap History (20 events):
Event: 7.819 GC heap before
{Heap before GC invocations=48 (full 0):
 garbage-first heap   total 466944K, used 284229K [0x0000000300800000, 0x0000000400800000)
  region size 2048K, 136 young (278528K), 1 survivors (2048K)
 Metaspace       used 8250K, committed 8448K, reserved 1114112K
  class space    used 1058K, committed 1152K, reserved 1048576K
}
Event: 7.819 GC heap after
{Heap after GC invocations=49 (full 0):
 garbage-first heap   total 466944K, used 8358K [0x0000000300800000, 0x0000000400800000)
  region size 2048K, 1 young (2048K), 1 survivors (2048K)
 Metaspace       used 8250K, committed 8448K, reserved 1114112K
  class space    used 1058K, committed 1152K, reserved 1048576K
}
Event: 7.889 GC heap before
{Heap before GC invocations=49 (full 0):
 garbage-first heap   total 466944K, used 284838K [0x0000000300800000, 0x0000000400800000)
  region size 2048K, 136 young (278528K), 1 survivors (2048K)
 Metaspace       used 8250K, committed 8448K, reserved 1114112K
  class space    used 1058K, committed 1152K, reserved 1048576K
}
Event: 7.890 GC heap after
{Heap after GC invocations=50 (full 0):
 garbage-first heap   total 466944K, used 8223K [0x0000000300800000, 0x0000000400800000)
  region size 2048K, 1 young (2048K), 1 survivors (2048K)
 Metaspace       used 8250K, committed 8448K, reserved 1114112K
  class space    used 1058K, committed 1152K, reserved 1048576K
}
Event: 7.975 GC heap before
{Heap before GC invocations=50 (full 0):
 garbage-first heap   total 466944K, used 284703K [0x0000000300800000, 0x0000000400800000)
  region size 2048K, 136 young (278528K), 1 survivors (2048K)
 Metaspace       used 8250K, committed 8448K, reserved 1114112K
  class space    used 1058K, committed 1152K, reserved 1048576K
}
Event: 7.975 GC heap after
{Heap after GC invocations=51 (full 0):
 garbage-first heap   total 466944K, used 7695K [0x0000000300800000, 0x0000000400800000)
  region size 2048K, 1 young (2048K), 1 survivors (2048K)
 Metaspace       used 8250K, committed 8448K, reserved 1114112K
  class space    used 1058K, committed 1152K, reserved 1048576K
}
Event: 8.065 GC heap before
{Heap before GC invocations=51 (full 0):
 garbage-first heap   total 466944K, used 284175K [0x0000000300800000, 0x0000000400800000)
  region size 2048K, 136 young (278528K), 1 survivors (2048K)
 Metaspace       used 8250K, committed 8448K, reserved 1114112K
  class space    used 1058K, committed 1152K, reserved 1048576K
}
Event: 8.065 GC heap after
{Heap after GC invocations=52 (full 0):
 garbage-first heap   total 466944K, used 7610K [0x0000000300800000, 0x0000000400800000)
  region size 2048K, 1 young (2048K), 1 survivors (2048K)
 Metaspace       used 8250K, committed 8448K, reserved 1114112K
  class space    used 1058K, committed 1152K, reserved 1048576K
}
Event: 8.149 GC heap before
{Heap before GC invocations=52 (full 0):
 garbage-first heap   total 466944K, used 284090K [0x0000000300800000, 0x0000000400800000)
  region size 2048K, 136 young (278528K), 1 survivors (2048K)
 Metaspace       used 8250K, committed 8448K, reserved 1114112K
  class space    used 1058K, committed 1152K, reserved 1048576K
}
Event: 8.149 GC heap after
{Heap after GC invocations=53 (full 0):
 garbage-first heap   total 466944K, used 8146K [0x0000000300800000, 0x0000000400800000)
  region size 2048K, 1 young (2048K), 1 survivors (2048K)
 Metaspace       used 8250K, committed 8448K, reserved 1114112K
  class space    used 1058K, committed 1152K, reserved 1048576K
}
Event: 8.240 GC heap before
{Heap before GC invocations=53 (full 0):
 garbage-first heap   total 466944K, used 284626K [0x0000000300800000, 0x0000000400800000)
  region size 2048K, 136 young (278528K), 1 survivors (2048K)
 Metaspace       used 8250K, committed 8448K, reserved 1114112K
  class space    used 1058K, committed 1152K, reserved 1048576K
}
Event: 8.240 GC heap after
{Heap after GC invocations=54 (full 0):
 garbage-first heap   total 466944K, used 7677K [0x0000000300800000, 0x0000000400800000)
  region size 2048K, 1 young (2048K), 1 survivors (2048K)
 Metaspace       used 8250K, committed 8448K, reserved 1114112K
  class space    used 1058K, committed 1152K, reserved 1048576K
}
Event: 8.303 GC heap before
{Heap before GC invocations=54 (full 0):
 garbage-first heap   total 466944K, used 284157K [0x0000000300800000, 0x0000000400800000)
  region size 2048K, 136 young (278528K), 1 survivors (2048K)
 Metaspace       used 8250K, committed 8448K, reserved 1114112K
  class space    used 1058K, committed 1152K, reserved 1048576K
}
Event: 8.303 GC heap after
{Heap after GC invocations=55 (full 0):
 garbage-first heap   total 466944K, used 8364K [0x0000000300800000, 0x0000000400800000)
  region size 2048K, 1 young (2048K), 1 survivors (2048K)
 Metaspace       used 8250K, committed 8448K, reserved 1114112K
  class space    used 1058K, committed 1152K, reserved 1048576K
}
Event: 8.373 GC heap before
{Heap before GC invocations=55 (full 0):
 garbage-first heap   total 466944K, used 284844K [0x0000000300800000, 0x0000000400800000)
  region size 2048K, 136 young (278528K), 1 survivors (2048K)
 Metaspace       used 8250K, committed 8448K, reserved 1114112K
  class space    used 1058K, committed 1152K, reserved 1048576K
}
Event: 8.373 GC heap after
{Heap after GC invocations=56 (full 0):
 garbage-first heap   total 466944K, used 8092K [0x0000000300800000, 0x0000000400800000)
  region size 2048K, 1 young (2048K), 1 survivors (2048K)
 Metaspace       used 8250K, committed 8448K, reserved 1114112K
  class space    used 1058K, committed 1152K, reserved 1048576K
}
Event: 8.444 GC heap before
{Heap before GC invocations=56 (full 0):
 garbage-first heap   total 466944K, used 284572K [0x0000000300800000, 0x0000000400800000)
  region size 2048K, 136 young (278528K), 1 survivors (2048K)
 Metaspace       used 8250K, committed 8448K, reserved 1114112K
  class space    used 1058K, committed 1152K, reserved 1048576K
}
Event: 8.444 GC heap after
{Heap after GC invocations=57 (full 0):
 garbage-first heap   total 466944K, used 7965K [0x0000000300800000, 0x0000000400800000)
  region size 2048K, 1 young (2048K), 1 survivors (2048K)
 Metaspace       used 8250K, committed 8448K, reserved 1114112K
  class space    used 1058K, committed 1152K, reserved 1048576K
}
Event: 8.510 GC heap before
{Heap before GC invocations=57 (full 0):
 garbage-first heap   total 466944K, used 284445K [0x0000000300800000, 0x0000000400800000)
  region size 2048K, 136 young (278528K), 1 survivors (2048K)
 Metaspace       used 8250K, committed 8448K, reserved 1114112K
  class space    used 1058K, committed 1152K, reserved 1048576K
}
Event: 8.511 GC heap after
{Heap after GC invocations=58 (full 0):
 garbage-first heap   total 466944K, used 7572K [0x0000000300800000, 0x0000000400800000)
  region size 2048K, 1 young (2048K), 1 survivors (2048K)
 Metaspace       used 8250K, committed 8448K, reserved 1114112K
  class space    used 1058K, committed 1152K, reserved 1048576K
}

Dll operation events (14 events):
Event: 0.005 Loaded shared library /opt/homebrew/Cellar/openjdk@17/17.0.14/libexec/openjdk.jdk/Contents/Home/lib/libjava.dylib
Event: 0.024 Loaded shared library /opt/homebrew/Cellar/openjdk@17/17.0.14/libexec/openjdk.jdk/Contents/Home/lib/libnio.dylib
Event: 0.037 Loaded shared library /opt/homebrew/Cellar/openjdk@17/17.0.14/libexec/openjdk.jdk/Contents/Home/lib/libzip.dylib
Event: 0.073 Loaded shared library /opt/homebrew/Cellar/openjdk@17/17.0.14/libexec/openjdk.jdk/Contents/Home/lib/libzip.dylib
Event: 0.074 Loaded shared library /opt/homebrew/Cellar/openjdk@17/17.0.14/libexec/openjdk.jdk/Contents/Home/lib/libinstrument.dylib
Event: 0.079 Loaded shared library /opt/homebrew/Cellar/openjdk@17/17.0.14/libexec/openjdk.jdk/Contents/Home/lib/libnet.dylib
Event: 0.084 Loaded shared library /opt/homebrew/Cellar/openjdk@17/17.0.14/libexec/openjdk.jdk/Contents/Home/lib/libextnet.dylib
Event: 0.113 Loaded shared library /Users/kristijan/Developer/IdeaProjects/javafx-sdk-21.0.10/lib/libprism_es2.dylib
Event: 0.156 Loaded shared library /Users/kristijan/Developer/IdeaProjects/javafx-sdk-21.0.10/lib/libglass.dylib
Event: 0.264 Loaded shared library /opt/homebrew/Cellar/openjdk@17/17.0.14/libexec/openjdk.jdk/Contents/Home/lib/libjimage.dylib
Event: 0.270 Loaded shared library /Users/kristijan/Developer/IdeaProjects/javafx-sdk-21.0.10/lib/libjavafx_font.dylib
Event: 8.683 Loaded shared library /opt/homebrew/Cellar/openjdk@17/17.0.14/libexec/openjdk.jdk/Contents/Home/lib/libawt.dylib
Event: 8.738 Loaded shared library /opt/homebrew/Cellar/openjdk@17/17.0.14/libexec/openjdk.jdk/Contents/Home/lib/libawt_lwawt.dylib
Event: 8.864 Loaded shared library /opt/homebrew/Cellar/openjdk@17/17.0.14/libexec/openjdk.jdk/Contents/Home/lib/libfontmanager.dylib

Deoptimization events (20 events):
Event: 8.609 Thread 0x000000010136cfb0 DEOPT PACKING pc=0x000000010f026988 sp=0x000000016f371480
Event: 8.609 Thread 0x000000010136cfb0 DEOPT UNPACKING pc=0x000000011633f77c sp=0x000000016f371130 mode 0
Event: 8.609 Thread 0x000000010136cfb0 DEOPT PACKING pc=0x000000010f026988 sp=0x000000016f371480
Event: 8.609 Thread 0x000000010136cfb0 DEOPT UNPACKING pc=0x000000011633f77c sp=0x000000016f371130 mode 0
Event: 8.609 Thread 0x000000010136cfb0 DEOPT PACKING pc=0x000000010f026988 sp=0x000000016f371480
Event: 8.609 Thread 0x000000010136cfb0 DEOPT UNPACKING pc=0x000000011633f77c sp=0x000000016f371130 mode 0
Event: 8.609 Thread 0x000000010136cfb0 DEOPT PACKING pc=0x000000010f026988 sp=0x000000016f371480
Event: 8.609 Thread 0x000000010136cfb0 DEOPT UNPACKING pc=0x000000011633f77c sp=0x000000016f371130 mode 0
Event: 8.609 Thread 0x000000010136cfb0 DEOPT PACKING pc=0x000000010f026988 sp=0x000000016f371480
Event: 8.609 Thread 0x000000010136cfb0 DEOPT UNPACKING pc=0x000000011633f77c sp=0x000000016f371130 mode 0
Event: 8.609 Thread 0x000000010136cfb0 DEOPT PACKING pc=0x000000010f026988 sp=0x000000016f371480
Event: 8.609 Thread 0x000000010136cfb0 DEOPT UNPACKING pc=0x000000011633f77c sp=0x000000016f371130 mode 0
Event: 8.609 Thread 0x000000010136cfb0 DEOPT PACKING pc=0x000000010f026988 sp=0x000000016f371480
Event: 8.609 Thread 0x000000010136cfb0 DEOPT UNPACKING pc=0x000000011633f77c sp=0x000000016f371130 mode 0
Event: 8.609 Thread 0x000000010136cfb0 DEOPT PACKING pc=0x000000010f026988 sp=0x000000016f371480
Event: 8.609 Thread 0x000000010136cfb0 DEOPT UNPACKING pc=0x000000011633f77c sp=0x000000016f371130 mode 0
Event: 8.610 Thread 0x000000010136cfb0 Uncommon trap: trap_request=0xffffff45 fr.pc=0x0000000116937448 relative=0x0000000000000288
Event: 8.610 Thread 0x000000010136cfb0 Uncommon trap: reason=unstable_if action=reinterpret pc=0x0000000116937448 method=java.lang.StringCoding.implEncodeAsciiArray([CI[BII)I @ 23 c2
Event: 8.610 Thread 0x000000010136cfb0 DEOPT PACKING pc=0x0000000116937448 sp=0x000000016f371470
Event: 8.610 Thread 0x000000010136cfb0 DEOPT UNPACKING pc=0x000000011633f91c sp=0x000000016f371420 mode 2

Classes loaded (20 events):
Event: 8.866 Loading class sun/awt/AWTAccessor$InputEventAccessor done
Event: 8.866 Loading class java/awt/event/InputEvent$1 done
Event: 8.866 Loading class sun/lwawt/macosx/LWCToolkit$2
Event: 8.866 Loading class sun/lwawt/macosx/LWCToolkit$2 done
Event: 8.866 Loading class java/awt/Toolkit$DesktopPropertyChangeSupport
Event: 8.866 Loading class java/beans/PropertyChangeSupport
Event: 8.866 Loading class java/beans/PropertyChangeSupport done
Event: 8.866 Loading class java/awt/Toolkit$DesktopPropertyChangeSupport done
Event: 8.866 Loading class java/beans/PropertyChangeSupport$PropertyChangeListenerMap
Event: 8.866 Loading class java/beans/ChangeListenerMap
Event: 8.866 Loading class java/beans/ChangeListenerMap done
Event: 8.866 Loading class java/beans/PropertyChangeSupport$PropertyChangeListenerMap done
Event: 8.866 Loading class java/beans/PropertyChangeListener
Event: 8.866 Loading class java/beans/PropertyChangeListener done
Event: 8.866 Loading class sun/awt/SunToolkit$ModalityListenerList
Event: 8.866 Loading class sun/awt/ModalityListener
Event: 8.866 Loading class sun/awt/ModalityListener done
Event: 8.866 Loading class sun/awt/SunToolkit$ModalityListenerList done
Event: 8.866 Loading class sun/awt/util/ThreadGroupUtils
Event: 8.867 Loading class sun/awt/util/ThreadGroupUtils done

Classes unloaded (0 events):
No events

Classes redefined (0 events):
No events

Internal exceptions (18 events):
Event: 0.081 Thread 0x000000087aae0000 Exception <a 'java/lang/NoSuchMethodError'{0x00000003101a1378}: 'java.lang.Object java.lang.invoke.DirectMethodHandle$Holder.invokeStaticInit(java.lang.Object)'> (0x00000003101a1378) 
thrown [src/hotspot/share/interpreter/linkResolver.cpp, line 759]
Event: 0.081 Thread 0x000000010136cfb0 Exception <a 'java/lang/NoSuchMethodError'{0x000000030fe15698}: 'java.lang.Object java.lang.invoke.DirectMethodHandle$Holder.invokeStaticInit(java.lang.Object)'> (0x000000030fe15698) 
thrown [src/hotspot/share/interpreter/linkResolver.cpp, line 759]
Event: 0.082 Thread 0x000000010136cfb0 Exception <a 'java/lang/NoSuchMethodError'{0x000000030fe1c730}: 'void java.lang.invoke.DirectMethodHandle$Holder.invokeStatic(java.lang.Object, java.lang.Object)'> (0x000000030fe1c730) 
thrown [src/hotspot/share/interpreter/linkResolver.cpp, line 759]
Event: 0.099 Thread 0x000000010136cfb0 Exception <a 'java/lang/NoSuchMethodError'{0x000000030fc926d0}: 'void java.lang.invoke.DirectMethodHandle$Holder.invokeSpecial(java.lang.Object, java.lang.Object, java.lang.Object)'> (0x000000030fc926d0) 
thrown [src/hotspot/share/interpreter/linkResolver.cpp, line 759]
Event: 0.103 Thread 0x000000010136cfb0 Exception <a 'java/lang/NoSuchMethodError'{0x000000030fcd2ca0}: 'void java.lang.invoke.DirectMethodHandle$Holder.invokeStatic(java.lang.Object, java.lang.Object, java.lang.Object)'> (0x000000030fcd2ca0) 
thrown [src/hotspot/share/interpreter/linkResolver.cpp, line 759]
Event: 0.152 Thread 0x000000010136cfb0 Exception <a 'java/lang/NoSuchMethodError'{0x000000030fa0a6b8}: 'int java.lang.invoke.DirectMethodHandle$Holder.invokeStaticInit(java.lang.Object, java.lang.Object, java.lang.Object)'> (0x000000030fa0a6b8) 
thrown [src/hotspot/share/interpreter/linkResolver.cpp, line 759]
Event: 0.209 Thread 0x000000087aae1e00 Exception <a 'java/lang/NoSuchMethodError'{0x000000030f9782c0}: 'void java.lang.invoke.DirectMethodHandle$Holder.invokeStaticInit(java.lang.Object)'> (0x000000030f9782c0) 
thrown [src/hotspot/share/interpreter/linkResolver.cpp, line 759]
Event: 0.210 Thread 0x000000010136cfb0 Exception <a 'java/lang/NoSuchMethodError'{0x000000030fabeb70}: 'java.lang.Object java.lang.invoke.DirectMethodHandle$Holder.newInvokeSpecial(java.lang.Object, java.lang.Object, java.lang.Object, java.lang.Object, java.lang.Object, java.lang.Object)'> (0x000000030fabeb70) 
thrown [src/hotspot/share/interpreter/linkResolver.cpp, line 759]
Event: 0.241 Thread 0x000000010136cfb0 Exception <a 'java/lang/NoSuchMethodError'{0x000000030f67fe98}: 'java.lang.Object java.lang.invoke.DirectMethodHandle$Holder.newInvokeSpecial(java.lang.Object, java.lang.Object, java.lang.Object, java.lang.Object, java.lang.Object)'> (0x000000030f67fe98) 
thrown [src/hotspot/share/interpreter/linkResolver.cpp, line 759]
Event: 0.241 Thread 0x000000087aae3000 Exception <a 'java/lang/NoSuchMethodError'{0x000000030f6ed3b8}: 'void java.lang.invoke.DirectMethodHandle$Holder.invokeStatic(java.lang.Object, java.lang.Object, java.lang.Object, java.lang.Object)'> (0x000000030f6ed3b8) 
thrown [src/hotspot/share/interpreter/linkResolver.cpp, line 759]
Event: 0.253 Thread 0x000000087aae1e00 Exception <a 'java/lang/NoSuchMethodError'{0x000000030f59a2c0}: 'java.lang.Object java.lang.invoke.DirectMethodHandle$Holder.invokeStaticInit(java.lang.Object, java.lang.Object, java.lang.Object, java.lang.Object)'> (0x000000030f59a2c0) 
thrown [src/hotspot/share/interpreter/linkResolver.cpp, line 759]
Event: 0.253 Thread 0x000000087aae1e00 Exception <a 'java/lang/NullPointerException'{0x000000030f5a5e88}> (0x000000030f5a5e88) 
thrown [src/hotspot/share/interpreter/linkResolver.cpp, line 1350]
Event: 0.324 Thread 0x000000087aae1e00 Exception <a 'java/lang/NoSuchMethodError'{0x000000031032fba0}: 'java.lang.Object java.lang.invoke.DirectMethodHandle$Holder.newInvokeSpecial(java.lang.Object, java.lang.Object, int)'> (0x000000031032fba0) 
thrown [src/hotspot/share/interpreter/linkResolver.cpp, line 759]
Event: 0.346 Thread 0x000000087aae1200 Exception <a 'java/lang/NoSuchMethodError'{0x000000031006c100}: 'int java.lang.invoke.DirectMethodHandle$Holder.invokeStaticInit(java.lang.Object, java.lang.Object)'> (0x000000031006c100) 
thrown [src/hotspot/share/interpreter/linkResolver.cpp, line 759]
Event: 8.740 Thread 0x000000010136cfb0 Exception <a 'java/lang/ClassNotFoundException'{0x000000030e3f3d28}: sun/awt/resources/spi/awtProvider> (0x000000030e3f3d28) 
thrown [src/hotspot/share/classfile/systemDictionary.cpp, line 256]
Event: 8.741 Thread 0x000000010136cfb0 Exception <a 'java/io/FileNotFoundException'{0x000000030e3fa8c0}> (0x000000030e3fa8c0) 
thrown [src/hotspot/share/prims/jni.cpp, line 516]
Event: 8.741 Thread 0x000000010136cfb0 Exception <a 'java/io/FileNotFoundException'{0x000000030e3fbd70}> (0x000000030e3fbd70) 
thrown [src/hotspot/share/prims/jni.cpp, line 516]
Event: 8.743 Thread 0x000000010136cfb0 Exception <a 'java/lang/ClassNotFoundException'{0x000000030e3fd368}: sun/awt/resources/spi/awtosxProvider> (0x000000030e3fd368) 
thrown [src/hotspot/share/classfile/systemDictionary.cpp, line 256]

VM Operations (20 events):
Event: 7.819 Executing VM operation: G1CollectForAllocation
Event: 7.819 Executing VM operation: G1CollectForAllocation done
Event: 7.889 Executing VM operation: G1CollectForAllocation
Event: 7.890 Executing VM operation: G1CollectForAllocation done
Event: 7.975 Executing VM operation: G1CollectForAllocation
Event: 7.975 Executing VM operation: G1CollectForAllocation done
Event: 8.065 Executing VM operation: G1CollectForAllocation
Event: 8.065 Executing VM operation: G1CollectForAllocation done
Event: 8.149 Executing VM operation: G1CollectForAllocation
Event: 8.149 Executing VM operation: G1CollectForAllocation done
Event: 8.240 Executing VM operation: G1CollectForAllocation
Event: 8.240 Executing VM operation: G1CollectForAllocation done
Event: 8.303 Executing VM operation: G1CollectForAllocation
Event: 8.303 Executing VM operation: G1CollectForAllocation done
Event: 8.373 Executing VM operation: G1CollectForAllocation
Event: 8.373 Executing VM operation: G1CollectForAllocation done
Event: 8.444 Executing VM operation: G1CollectForAllocation
Event: 8.444 Executing VM operation: G1CollectForAllocation done
Event: 8.510 Executing VM operation: G1CollectForAllocation
Event: 8.511 Executing VM operation: G1CollectForAllocation done

Memory protections (20 events):
Event: 0.014 Protecting memory [0x000000016ffc4000,0x000000016ffd0000] with protection modes 0
Event: 0.014 Protecting memory [0x00000001701d0000,0x00000001701dc000] with protection modes 0
Event: 0.020 Protecting memory [0x00000001704f4000,0x0000000170500000] with protection modes 0
Event: 0.021 Protecting memory [0x0000000170700000,0x000000017070c000] with protection modes 0
Event: 0.021 Protecting memory [0x000000017090c000,0x0000000170918000] with protection modes 0
Event: 0.021 Protecting memory [0x0000000170b18000,0x0000000170b24000] with protection modes 0
Event: 0.021 Protecting memory [0x0000000170d24000,0x0000000170d30000] with protection modes 0
Event: 0.021 Protecting memory [0x0000000170f30000,0x0000000170f3c000] with protection modes 0
Event: 0.032 Protecting memory [0x000000017113c000,0x0000000171148000] with protection modes 0
Event: 0.078 Protecting memory [0x0000000171348000,0x0000000171354000] with protection modes 0
Event: 0.078 Protecting memory [0x0000000171554000,0x0000000171560000] with protection modes 0
Event: 0.103 Protecting memory [0x000000017196c000,0x0000000171978000] with protection modes 0
Event: 0.157 Protecting memory [0x0000000171b78000,0x0000000171b84000] with protection modes 0
Event: 0.157 Protecting memory [0x000000016e8e8000,0x000000016e8f4000] with protection modes 0
Event: 0.227 Protecting memory [0x0000000171e9c000,0x0000000171ea8000] with protection modes 0
Event: 0.241 Protecting memory [0x0000000171f28000,0x0000000171f34000] with protection modes 0
Event: 0.611 Protecting memory [0x0000000171e9c000,0x0000000171ea8000] with protection modes 3
Event: 1.950 Protecting memory [0x000000017196c000,0x0000000171978000] with protection modes 3
Event: 1.950 Protecting memory [0x0000000171f28000,0x0000000171f34000] with protection modes 3
Event: 1.950 Protecting memory [0x000000016e8e8000,0x000000016e8f4000] with protection modes 3

Nmethod flushes (0 events):
No events

Events (20 events):
Event: 0.014 Thread 0x000000010136cfb0 Thread added: 0x000000010137fd00
Event: 0.014 Thread 0x000000010136cfb0 Thread added: 0x000000087a90c000
Event: 0.020 Thread 0x000000010136cfb0 Thread added: 0x000000087a90cc00
Event: 0.021 Thread 0x000000010136cfb0 Thread added: 0x000000087a90d200
Event: 0.021 Thread 0x000000010136cfb0 Thread added: 0x000000087a90d800
Event: 0.021 Thread 0x000000010136cfb0 Thread added: 0x000000087a90de00
Event: 0.021 Thread 0x000000010136cfb0 Thread added: 0x000000087a90e400
Event: 0.021 Thread 0x000000010136cfb0 Thread added: 0x000000087a90ea00
Event: 0.032 Thread 0x000000010136cfb0 Thread added: 0x000000087a90f000
Event: 0.078 Thread 0x000000010136cfb0 Thread added: 0x000000087aae0000
Event: 0.078 Thread 0x000000010136cfb0 Thread added: 0x000000087aae0600
Event: 0.103 Thread 0x000000010136cfb0 Thread added: 0x000000087aae1200
Event: 0.157 Thread 0x000000010136cfb0 Thread added: 0x000000087aae1800
Event: 0.157 Thread 0x000000087aae1e00 Thread added: 0x000000087aae1e00
Event: 0.227 Thread 0x000000087aae2a00 Thread added: 0x000000087aae2a00
Event: 0.241 Thread 0x000000010136cfb0 Thread added: 0x000000087aae3000
Event: 0.611 Thread 0x000000087aae2a00 Thread exited: 0x000000087aae2a00
Event: 1.950 Thread 0x000000087aae1200 Thread exited: 0x000000087aae1200
Event: 1.950 Thread 0x000000087aae3000 Thread exited: 0x000000087aae3000
Event: 1.950 Thread 0x000000087aae1e00 Thread exited: 0x000000087aae1e00


Dynamic libraries:
0x0000000100d54000 	/opt/homebrew/Cellar/openjdk@17/17.0.14/libexec/openjdk.jdk/Contents/Home/lib/libjli.dylib
0x0000000195140000 	/usr/lib/libz.1.dylib
0x00000001951f7000 	/usr/lib/libSystem.B.dylib
0x00000001951f1000 	/usr/lib/system/libcache.dylib
0x00000001951ac000 	/usr/lib/system/libcommonCrypto.dylib
0x00000001951d7000 	/usr/lib/system/libcompiler_rt.dylib
0x00000001951cc000 	/usr/lib/system/libcopyfile.dylib
0x000000018556e000 	/usr/lib/system/libcorecrypto.dylib
0x0000000185667000 	/usr/lib/system/libdispatch.dylib
0x0000000185424000 	/usr/lib/system/libdyld.dylib
0x00000001951e7000 	/usr/lib/system/libkeymgr.dylib
0x000000019518f000 	/usr/lib/system/libmacho.dylib
0x000000019448c000 	/usr/lib/system/libquarantine.dylib
0x00000001951e4000 	/usr/lib/system/libremovefile.dylib
0x000000018bfb5000 	/usr/lib/system/libsystem_asl.dylib
0x00000001854f4000 	/usr/lib/system/libsystem_blocks.dylib
0x00000001856b1000 	/usr/lib/system/libsystem_c.dylib
0x00000001951db000 	/usr/lib/system/libsystem_collections.dylib
0x0000000192f0d000 	/usr/lib/system/libsystem_configuration.dylib
0x0000000191ac3000 	/usr/lib/system/libsystem_containermanager.dylib
0x0000000194c0f000 	/usr/lib/system/libsystem_coreservices.dylib
0x00000001897cf000 	/usr/lib/system/libsystem_darwin.dylib
0x000000027ffb0000 	/usr/lib/system/libsystem_darwindirectory.dylib
0x00000001951e8000 	/usr/lib/system/libsystem_dnssd.dylib
0x000000027ffb4000 	/usr/lib/system/libsystem_eligibility.dylib
0x00000001856ae000 	/usr/lib/system/libsystem_featureflags.dylib
0x0000000185835000 	/usr/lib/system/libsystem_info.dylib
0x0000000195150000 	/usr/lib/system/libsystem_m.dylib
0x000000018561b000 	/usr/lib/system/libsystem_malloc.dylib
0x000000018bf17000 	/usr/lib/system/libsystem_networkextension.dylib
0x0000000189c40000 	/usr/lib/system/libsystem_notify.dylib
0x0000000192f12000 	/usr/lib/system/libsystem_sandbox.dylib
0x000000027ffbc000 	/usr/lib/system/libsystem_sanitizers.dylib
0x00000001951e0000 	/usr/lib/system/libsystem_secinit.dylib
0x00000001857e2000 	/usr/lib/system/libsystem_kernel.dylib
0x000000018582c000 	/usr/lib/system/libsystem_platform.dylib
0x000000018581f000 	/usr/lib/system/libsystem_pthread.dylib
0x000000018db5b000 	/usr/lib/system/libsystem_symptoms.dylib
0x000000018554d000 	/usr/lib/system/libsystem_trace.dylib
0x000000027ffc4000 	/usr/lib/system/libsystem_trial.dylib
0x00000001951ba000 	/usr/lib/system/libunwind.dylib
0x00000001854f8000 	/usr/lib/system/libxpc.dylib
0x00000001853d0000 	/usr/lib/libobjc.A.dylib
0x0000000185865000 	/System/Library/Frameworks/CoreFoundation.framework/Versions/A/CoreFoundation
0x0000000198a67000 	/usr/lib/swift/libswiftCore.dylib
0x00000001857c7000 	/usr/lib/libc++abi.dylib
0x000000027e88b000 	/usr/lib/libRosetta.dylib
0x0000000185734000 	/usr/lib/libc++.1.dylib
0x00000001870af000 	/System/Library/Frameworks/Foundation.framework/Versions/C/Foundation
0x00000001a2125000 	/usr/lib/swift/libswiftObjectiveC.dylib
0x000000027f861000 	/usr/lib/libswiftPrespecialized.dylib
0x0000000186d0f000 	/System/Library/Frameworks/SystemConfiguration.framework/Versions/A/SystemConfiguration
0x000000018fd01000 	/System/Library/PrivateFrameworks/CoreAutoLayout.framework/Versions/A/CoreAutoLayout
0x00000001951f9000 	/usr/lib/libfakelink.dylib
0x0000000195423000 	/usr/lib/libcompression.dylib
0x000000018bb5c000 	/System/Library/Frameworks/CFNetwork.framework/Versions/A/CFNetwork
0x000000018f128000 	/System/Library/Frameworks/DiskArbitration.framework/Versions/A/DiskArbitration
0x000000019524d000 	/usr/lib/libarchive.2.dylib
0x000000018f034000 	/usr/lib/libDiagnosticMessagesClient.dylib
0x00000001894fd000 	/usr/lib/libicucore.A.dylib
0x000000018fd4b000 	/usr/lib/libxml2.2.dylib
0x000000019d585000 	/System/Library/Frameworks/CoreServices.framework/Versions/A/CoreServices
0x0000000192f20000 	/usr/lib/liblangid.dylib
0x0000000189b55000 	/System/Library/Frameworks/IOKit.framework/Versions/A/IOKit
0x000000019b28f000 	/System/Library/Frameworks/Combine.framework/Versions/A/Combine
0x000000023ae48000 	/System/Library/PrivateFrameworks/CollectionsInternal.framework/Versions/A/CollectionsInternal
0x00000002616c2000 	/System/Library/PrivateFrameworks/ReflectionInternal.framework/Versions/A/ReflectionInternal
0x000000026254b000 	/System/Library/PrivateFrameworks/RuntimeInternal.framework/Versions/A/RuntimeInternal
0x00000001951fc000 	/System/Library/PrivateFrameworks/SoftLinking.framework/Versions/A/SoftLinking
0x00000001b1c57000 	/usr/lib/swift/libswiftCoreFoundation.dylib
0x00000001aebfa000 	/usr/lib/swift/libswiftDarwin.dylib
0x000000019f281000 	/usr/lib/swift/libswiftDispatch.dylib
0x00000001b1cb1000 	/usr/lib/swift/libswiftIOKit.dylib
0x000000027fc28000 	/usr/lib/swift/libswiftSystem.dylib
0x00000001b1c69000 	/usr/lib/swift/libswiftXPC.dylib
0x000000027fc5a000 	/usr/lib/swift/libswift_Builtin_float.dylib
0x000000027fc5d000 	/usr/lib/swift/libswift_Concurrency.dylib
0x000000027fce7000 	/usr/lib/swift/libswift_DarwinFoundation1.dylib
0x000000027fdc8000 	/usr/lib/swift/libswift_StringProcessing.dylib
0x00000001a2129000 	/usr/lib/swift/libswiftos.dylib
0x0000000189ad4000 	/System/Library/PrivateFrameworks/CoreServicesInternal.framework/Versions/A/CoreServicesInternal
0x00000001951c4000 	/usr/lib/liboah.dylib
0x00000001890d9000 	/System/Library/Frameworks/Security.framework/Versions/A/Security
0x00000001a1579000 	/System/Library/PrivateFrameworks/DiskImages.framework/Versions/A/DiskImages
0x00000001ae6bd000 	/System/Library/Frameworks/NetFS.framework/Versions/A/NetFS
0x000000018fcc5000 	/System/Library/Frameworks/CoreServices.framework/Versions/A/Frameworks/FSEvents.framework/Versions/A/FSEvents
0x00000001897da000 	/System/Library/Frameworks/CoreServices.framework/Versions/A/Frameworks/CarbonCore.framework/Versions/A/CarbonCore
0x000000018f09c000 	/System/Library/Frameworks/CoreServices.framework/Versions/A/Frameworks/Metadata.framework/Versions/A/Metadata
0x0000000194c16000 	/System/Library/Frameworks/CoreServices.framework/Versions/A/Frameworks/OSServices.framework/Versions/A/OSServices
0x0000000195345000 	/System/Library/Frameworks/CoreServices.framework/Versions/A/Frameworks/SearchKit.framework/Versions/A/SearchKit
0x000000018dad5000 	/System/Library/Frameworks/CoreServices.framework/Versions/A/Frameworks/AE.framework/Versions/A/AE
0x0000000185dac000 	/System/Library/Frameworks/CoreServices.framework/Versions/A/Frameworks/LaunchServices.framework/Versions/A/LaunchServices
0x0000000196766000 	/System/Library/Frameworks/CoreServices.framework/Versions/A/Frameworks/DictionaryServices.framework/Versions/A/DictionaryServices
0x000000018fcd3000 	/System/Library/Frameworks/CoreServices.framework/Versions/A/Frameworks/SharedFileList.framework/Versions/A/SharedFileList
0x00000001953da000 	/usr/lib/libapple_nghttp2.dylib
0x000000018d6ef000 	/usr/lib/libsqlite3.dylib
0x00000001a17c1000 	/System/Library/PrivateFrameworks/AppSupport.framework/Versions/A/AppSupport
0x000000018f004000 	/System/Library/PrivateFrameworks/CoreAnalytics.framework/Versions/A/CoreAnalytics
0x000000018c589000 	/System/Library/Frameworks/CoreGraphics.framework/Versions/A/CoreGraphics
0x0000000199797000 	/System/Library/Frameworks/GSS.framework/Versions/A/GSS
0x0000000197b6f000 	/System/Library/PrivateFrameworks/InternationalSupport.framework/Versions/A/InternationalSupport
0x000000018da69000 	/System/Library/PrivateFrameworks/RunningBoardServices.framework/Versions/A/RunningBoardServices
0x00000001a20b3000 	/System/Library/PrivateFrameworks/StreamingZip.framework/Versions/A/StreamingZip
0x000000018bf32000 	/usr/lib/libenergytrace.dylib
0x000000018db64000 	/System/Library/Frameworks/Network.framework/Versions/A/Network
0x00000001944b4000 	/usr/lib/libbsm.0.dylib
0x0000000195193000 	/usr/lib/system/libkxld.dylib
0x0000000236784000 	/System/Library/PrivateFrameworks/AppleKeyStore.framework/Versions/A/AppleKeyStore
0x000000027e56f000 	/usr/lib/libCoreEntitlements.dylib
0x0000000257641000 	/System/Library/PrivateFrameworks/MessageSecurity.framework/Versions/A/MessageSecurity
0x000000018d6d3000 	/System/Library/PrivateFrameworks/ProtocolBuffer.framework/Versions/A/ProtocolBuffer
0x000000019e692000 	/System/Library/PrivateFrameworks/SymptomDiagnosticReporter.framework/Versions/A/SymptomDiagnosticReporter
0x00000001969aa000 	/System/Library/PrivateFrameworks/CrashReporterSupport.framework/Versions/A/CrashReporterSupport
0x000000018bf34000 	/usr/lib/libMobileGestalt.dylib
0x0000000194bf6000 	/System/Library/PrivateFrameworks/AppleFSCompression.framework/Versions/A/AppleFSCompression
0x000000019449c000 	/usr/lib/libcoretls.dylib
0x00000001967dd000 	/usr/lib/libcoretls_cfhelpers.dylib
0x000000019541c000 	/usr/lib/libpam.2.dylib
0x000000019684f000 	/usr/lib/libxar.1.dylib
0x00000001967df000 	/System/Library/PrivateFrameworks/APFS.framework/Versions/A/APFS
0x000000026ce36000 	/System/Library/PrivateFrameworks/SwiftASN1Internal.framework/Versions/A/SwiftASN1Internal
0x000000019685e000 	/usr/lib/libutil.dylib
0x0000000192f1b000 	/System/Library/PrivateFrameworks/AppleSystemInfo.framework/Versions/A/AppleSystemInfo
0x0000000194184000 	/System/Library/PrivateFrameworks/IOMobileFramebuffer.framework/Versions/A/IOMobileFramebuffer
0x0000000191afc000 	/System/Library/Frameworks/IOSurface.framework/Versions/A/IOSurface
0x00000001b1b1d000 	/System/Library/PrivateFrameworks/LoggingSupport.framework/Versions/A/LoggingSupport
0x00000001997fa000 	/System/Library/PrivateFrameworks/MobileAsset.framework/Versions/A/MobileAsset
0x000000019e6a2000 	/System/Library/PrivateFrameworks/PowerLog.framework/Versions/A/PowerLog
0x000000022fd2a000 	/System/Library/Frameworks/SwiftData.framework/Versions/A/SwiftData
0x000000018b596000 	/System/Library/Frameworks/UniformTypeIdentifiers.framework/Versions/A/UniformTypeIdentifiers
0x000000018fef7000 	/System/Library/PrivateFrameworks/UserManagement.framework/Versions/A/UserManagement
0x000000018ba88000 	/usr/lib/libboringssl.dylib
0x000000018db49000 	/usr/lib/libdns_services.dylib
0x00000001b0b27000 	/usr/lib/libquic.dylib
0x00000001989f7000 	/usr/lib/libusrtcp.dylib
0x0000000237508000 	/System/Library/PrivateFrameworks/AtomicsInternal.framework/Versions/A/AtomicsInternal
0x00000001d6d68000 	/System/Library/PrivateFrameworks/InternalSwiftProtobuf.framework/Versions/A/InternalSwiftProtobuf
0x000000027fab8000 	/usr/lib/swift/libswiftDistributed.dylib
0x000000027fae1000 	/usr/lib/swift/libswiftObservation.dylib
0x000000027fc20000 	/usr/lib/swift/libswiftSynchronization.dylib
0x0000000192f19000 	/System/Library/PrivateFrameworks/AggregateDictionary.framework/Versions/A/AggregateDictionary
0x0000000237c8e000 	/System/Library/PrivateFrameworks/BiomeLibrary.framework/Versions/A/BiomeLibrary
0x00000001c06b8000 	/System/Library/PrivateFrameworks/BiomeStreams.framework/Versions/A/BiomeStreams
0x00000001bc94b000 	/System/Library/PrivateFrameworks/BiomeFoundation.framework/Versions/A/BiomeFoundation
0x00000001c6724000 	/System/Library/PrivateFrameworks/BiomePubSub.framework/Versions/A/BiomePubSub
0x000000018d2e8000 	/System/Library/Frameworks/CoreData.framework/Versions/A/CoreData
0x00000001a30d7000 	/System/Library/PrivateFrameworks/ProactiveSupport.framework/Versions/A/ProactiveSupport
0x00000001967be000 	/usr/lib/liblzma.5.dylib
0x000000019d7fc000 	/System/Library/Frameworks/Accelerate.framework/Versions/A/Accelerate
0x0000000194395000 	/System/Library/PrivateFrameworks/MobileKeyBag.framework/Versions/A/MobileKeyBag
0x00000001a1ad8000 	/System/Library/PrivateFrameworks/InternationalTextSearch.framework/Versions/A/InternationalTextSearch
0x00000001b8e92000 	/System/Library/PrivateFrameworks/SoftwareUpdateCoreSupport.framework/Versions/A/SoftwareUpdateCoreSupport
0x00000001c1123000 	/System/Library/PrivateFrameworks/SoftwareUpdateCoreConnect.framework/Versions/A/SoftwareUpdateCoreConnect
0x00000001a1677000 	/System/Library/PrivateFrameworks/RemoteServiceDiscovery.framework/Versions/A/RemoteServiceDiscovery
0x00000001b8a8e000 	/System/Library/PrivateFrameworks/MSUDataAccessor.framework/Versions/A/MSUDataAccessor
0x00000001b3c40000 	/usr/lib/libbootpolicy.dylib
0x00000001a168e000 	/System/Library/PrivateFrameworks/RemoteXPC.framework/Versions/A/RemoteXPC
0x00000001c0584000 	/usr/lib/libFDR.dylib
0x00000001c6346000 	/usr/lib/libamsupport.dylib
0x000000027e883000 	/usr/lib/libReverseProxyDevice.dylib
0x00000002360de000 	/System/Library/PrivateFrameworks/AppleDeviceQuerySupport.framework/Versions/A/AppleDeviceQuerySupport
0x00000001c93c7000 	/usr/lib/libpartition2_dynamic.dylib
0x00000001953b6000 	/System/Library/PrivateFrameworks/AppleSauce.framework/Versions/A/AppleSauce
0x000000027e410000 	/usr/lib/libAppleArchive.dylib
0x0000000194c02000 	/usr/lib/libbz2.1.0.dylib
0x000000018f132000 	/System/Library/Frameworks/Accelerate.framework/Versions/A/Frameworks/vImage.framework/Versions/A/vImage
0x000000019d55f000 	/System/Library/Frameworks/Accelerate.framework/Versions/A/Frameworks/vecLib.framework/Versions/A/vecLib
0x0000000196895000 	/System/Library/Frameworks/Accelerate.framework/Versions/A/Frameworks/vecLib.framework/Versions/A/libvMisc.dylib
0x00000001862a9000 	/System/Library/Frameworks/Accelerate.framework/Versions/A/Frameworks/vecLib.framework/Versions/A/libBLAS.dylib
0x00000001a1ad7000 	/System/Library/Frameworks/ApplicationServices.framework/Versions/A/ApplicationServices
0x000000018fe32000 	/System/Library/Frameworks/CoreVideo.framework/Versions/A/CoreVideo
0x000000018ccde000 	/System/Library/Frameworks/ColorSync.framework/Versions/A/ColorSync
0x00000001886ff000 	/System/Library/Frameworks/CoreText.framework/Versions/A/CoreText
0x000000019261b000 	/System/Library/Frameworks/ImageIO.framework/Versions/A/ImageIO
0x000000019939f000 	/System/Library/Frameworks/ApplicationServices.framework/Versions/A/Frameworks/ATS.framework/Versions/A/ATS
0x000000018ce8a000 	/System/Library/Frameworks/ApplicationServices.framework/Versions/A/Frameworks/HIServices.framework/Versions/A/HIServices
0x0000000197a58000 	/System/Library/Frameworks/ApplicationServices.framework/Versions/A/Frameworks/PrintCore.framework/Versions/A/PrintCore
0x0000000199760000 	/System/Library/Frameworks/ApplicationServices.framework/Versions/A/Frameworks/QD.framework/Versions/A/QD
0x000000019975b000 	/System/Library/Frameworks/ApplicationServices.framework/Versions/A/Frameworks/ColorSyncLegacy.framework/Versions/A/ColorSyncLegacy
0x0000000199371000 	/System/Library/Frameworks/ApplicationServices.framework/Versions/A/Frameworks/SpeechSynthesis.framework/Versions/A/SpeechSynthesis
0x000000018bff2000 	/System/Library/PrivateFrameworks/SkyLight.framework/Versions/A/SkyLight
0x0000000191fed000 	/System/Library/PrivateFrameworks/FontServices.framework/libFontParser.dylib
0x000000018d978000 	/System/Library/PrivateFrameworks/BaseBoard.framework/Versions/A/BaseBoard
0x000000019f5e4000 	/System/Library/PrivateFrameworks/BoardServices.framework/Versions/A/BoardServices
0x00000001a139d000 	/System/Library/PrivateFrameworks/BackBoardServices.framework/Versions/A/BackBoardServices
0x0000000237ba9000 	/System/Library/PrivateFrameworks/BackBoardHIDEventFoundation.framework/Versions/A/BackBoardHIDEventFoundation
0x0000000188211000 	/System/Library/Frameworks/CoreDisplay.framework/Versions/A/CoreDisplay
0x000000019738f000 	/System/Library/Frameworks/VideoToolbox.framework/Versions/A/VideoToolbox
0x000000019541a000 	/System/Library/Frameworks/MetalPerformanceShaders.framework/Versions/A/MetalPerformanceShaders
0x00000002607f4000 	/System/Library/PrivateFrameworks/ProDisplayLibrary.framework/Versions/A/ProDisplayLibrary
0x00000001a50e2000 	/System/Library/PrivateFrameworks/IOSurfaceAccelerator.framework/Versions/A/IOSurfaceAccelerator
0x0000000191b24000 	/System/Library/Frameworks/Metal.framework/Versions/A/Metal
0x0000000191b19000 	/System/Library/PrivateFrameworks/IOAccelerator.framework/Versions/A/IOAccelerator
0x0000000191e31000 	/System/Library/Frameworks/CoreMedia.framework/Versions/A/CoreMedia
0x000000018bfcd000 	/System/Library/PrivateFrameworks/TCC.framework/Versions/A/TCC
0x0000000197347000 	/System/Library/PrivateFrameworks/WatchdogClient.framework/Versions/A/WatchdogClient
0x000000018f569000 	/System/Library/Frameworks/QuartzCore.framework/Versions/A/QuartzCore
0x0000000197349000 	/System/Library/PrivateFrameworks/MultitouchSupport.framework/Versions/A/MultitouchSupport
0x00000001ce8b2000 	/usr/lib/swift/libswiftOSLog.dylib
0x00000001b5693000 	/usr/lib/swift/libswiftsimd.dylib
0x00000001c6782000 	/System/Library/PrivateFrameworks/BiomeStorage.framework/Versions/A/BiomeStorage
0x00000002522cb000 	/System/Library/PrivateFrameworks/IntelligencePlatformLibrary.framework/Versions/A/IntelligencePlatformLibrary
0x000000025fb29000 	/System/Library/PrivateFrameworks/PoirotSchematizer.framework/Versions/A/PoirotSchematizer
0x00000002384d1000 	/System/Library/PrivateFrameworks/BiomeSync.framework/Versions/A/BiomeSync
0x0000000237c74000 	/System/Library/PrivateFrameworks/BiomeDSL.framework/Versions/A/BiomeDSL
0x00000001dea1f000 	/System/Library/PrivateFrameworks/FeatureFlags.framework/Versions/A/FeatureFlags
0x000000025fb93000 	/System/Library/PrivateFrameworks/PoirotUDFs.framework/Versions/A/PoirotUDFs
0x000000025faf8000 	/System/Library/PrivateFrameworks/PoirotSQLite.framework/Versions/A/PoirotSQLite
0x000000019fb00000 	/System/Library/PrivateFrameworks/CoreTime.framework/Versions/A/CoreTime
0x0000000195232000 	/usr/lib/libiconv.2.dylib
0x000000019518e000 	/usr/lib/libcharset.1.dylib
0x000000027fd28000 	/usr/lib/swift/libswift_RegexParser.dylib
0x0000000239ad6000 	/System/Library/PrivateFrameworks/CascadeSets.framework/Versions/A/CascadeSets
0x0000000199967000 	/System/Library/PrivateFrameworks/CorePhoneNumbers.framework/Versions/A/CorePhoneNumbers
0x0000000197211000 	/System/Library/PrivateFrameworks/AppleJPEG.framework/Versions/A/AppleJPEG
0x0000000196c02000 	/usr/lib/libexpat.1.dylib
0x000000019792b000 	/System/Library/Frameworks/ImageIO.framework/Versions/A/Resources/libPng.dylib
0x0000000197957000 	/System/Library/Frameworks/ImageIO.framework/Versions/A/Resources/libTIFF.dylib
0x0000000197a41000 	/System/Library/Frameworks/ImageIO.framework/Versions/A/Resources/libGIF.dylib
0x0000000197256000 	/System/Library/Frameworks/ImageIO.framework/Versions/A/Resources/libJP2.dylib
0x0000000196910000 	/usr/lib/libate.dylib
0x00000001979e7000 	/System/Library/Frameworks/ImageIO.framework/Versions/A/Resources/libJPEG.dylib
0x00000001979de000 	/System/Library/Frameworks/ImageIO.framework/Versions/A/Resources/libRadiance.dylib
0x0000000248c06000 	/System/Library/PrivateFrameworks/GPUCompiler.framework/Versions/32023/Libraries/libllvm-flatbuffers.dylib
0x0000000243512000 	/System/Library/PrivateFrameworks/FramePacing.framework/Versions/A/FramePacing
0x00000001eadfb000 	/System/Library/Frameworks/OpenGL.framework/Versions/A/Libraries/libCoreFSCache.dylib
0x0000000244653000 	/System/Library/PrivateFrameworks/GPUCompiler.framework/Versions/32023/Libraries/libGPUCompilerUtils.dylib
0x000000019f6b1000 	/System/Library/PrivateFrameworks/GraphicsServices.framework/Versions/A/GraphicsServices
0x00000001bf728000 	/usr/lib/swift/libswiftMetal.dylib
0x00000001c496b000 	/usr/lib/swift/libswiftQuartzCore.dylib
0x00000001c91b4000 	/usr/lib/swift/libswiftUniformTypeIdentifiers.dylib
0x0000000192962000 	/System/Library/Frameworks/CoreImage.framework/Versions/A/CoreImage
0x00000001a3263000 	/System/Library/PrivateFrameworks/ASEProcessing.framework/Versions/A/ASEProcessing
0x00000001d2696000 	/System/Library/PrivateFrameworks/Symbolication.framework/Versions/A/Symbolication
0x000000025f71a000 	/System/Library/PrivateFrameworks/PhotosensitivityProcessing.framework/Versions/A/PhotosensitivityProcessing
0x00000001eae09000 	/System/Library/Frameworks/OpenGL.framework/Versions/A/OpenGL
0x0000000196e33000 	/System/Library/PrivateFrameworks/GraphVisualizer.framework/Versions/A/GraphVisualizer
0x00000001eae5a000 	/System/Library/Frameworks/OpenGL.framework/Versions/A/Libraries/libGLU.dylib
0x00000001eae1d000 	/System/Library/Frameworks/OpenGL.framework/Versions/A/Libraries/libGFXShared.dylib
0x00000001eafe9000 	/System/Library/Frameworks/OpenGL.framework/Versions/A/Libraries/libGL.dylib
0x00000001eae26000 	/System/Library/Frameworks/OpenGL.framework/Versions/A/Libraries/libGLImage.dylib
0x00000001eae1a000 	/System/Library/Frameworks/OpenGL.framework/Versions/A/Libraries/libCVMSPluginSupport.dylib
0x00000001eae03000 	/System/Library/Frameworks/OpenGL.framework/Versions/A/Libraries/libCoreVMClient.dylib
0x000000024341d000 	/System/Library/PrivateFrameworks/FontServices.framework/Versions/A/FontServices
0x0000000196e43000 	/System/Library/PrivateFrameworks/OTSVG.framework/Versions/A/OTSVG
0x000000018f979000 	/System/Library/Frameworks/ApplicationServices.framework/Versions/A/Frameworks/ATS.framework/Versions/A/Resources/libFontRegistry.dylib
0x000000027ee23000 	/usr/lib/libhvf.dylib
0x000000025c599000 	/System/Library/PrivateFrameworks/ParsingInternal.framework/Versions/A/ParsingInternal
0x0000000243421000 	/System/Library/PrivateFrameworks/FontServices.framework/libXTFontStaticRegistryData.dylib
0x0000000192e5a000 	/System/Library/Frameworks/MetalPerformanceShaders.framework/Versions/A/Frameworks/MPSCore.framework/Versions/A/MPSCore
0x0000000194b61000 	/System/Library/Frameworks/MetalPerformanceShaders.framework/Versions/A/Frameworks/MPSImage.framework/Versions/A/MPSImage
0x000000019453f000 	/System/Library/Frameworks/MetalPerformanceShaders.framework/Versions/A/Frameworks/MPSNeuralNetwork.framework/Versions/A/MPSNeuralNetwork
0x0000000194977000 	/System/Library/Frameworks/MetalPerformanceShaders.framework/Versions/A/Frameworks/MPSMatrix.framework/Versions/A/MPSMatrix
0x000000019478c000 	/System/Library/Frameworks/MetalPerformanceShaders.framework/Versions/A/Frameworks/MPSRayIntersector.framework/Versions/A/MPSRayIntersector
0x00000001949a9000 	/System/Library/Frameworks/MetalPerformanceShaders.framework/Versions/A/Frameworks/MPSNDArray.framework/Versions/A/MPSNDArray
0x000000022cd0f000 	/System/Library/Frameworks/MetalPerformanceShaders.framework/Versions/A/Frameworks/MPSFunctions.framework/Versions/A/MPSFunctions
0x000000022ccf0000 	/System/Library/Frameworks/MetalPerformanceShaders.framework/Versions/A/Frameworks/MPSBenchmarkLoop.framework/Versions/A/MPSBenchmarkLoop
0x00000001860c5000 	/System/Library/PrivateFrameworks/MetalTools.framework/Versions/A/MetalTools
0x00000001b6d24000 	/System/Library/PrivateFrameworks/IOAccelMemoryInfo.framework/Versions/A/IOAccelMemoryInfo
0x00000001c4d60000 	/System/Library/PrivateFrameworks/kperf.framework/Versions/A/kperf
0x00000001b1c33000 	/System/Library/PrivateFrameworks/GPURawCounter.framework/Versions/A/GPURawCounter
0x000000019f9e9000 	/System/Library/PrivateFrameworks/CoreSymbolication.framework/Versions/A/CoreSymbolication
0x00000001b1baa000 	/System/Library/PrivateFrameworks/MallocStackLogging.framework/Versions/A/MallocStackLogging
0x000000019f9c6000 	/System/Library/PrivateFrameworks/DebugSymbols.framework/Versions/A/DebugSymbols
0x00000001c35ce000 	/System/Library/PrivateFrameworks/OSAnalytics.framework/Versions/A/OSAnalytics
0x000000024139b000 	/System/Library/PrivateFrameworks/DeviceRecovery.framework/Versions/A/DeviceRecovery
0x000000022ab52000 	/System/Library/Frameworks/ExtensionFoundation.framework/Versions/A/ExtensionFoundation
0x0000000196e84000 	/System/Library/PrivateFrameworks/AppServerSupport.framework/Versions/A/AppServerSupport
0x0000000196c87000 	/System/Library/PrivateFrameworks/IconServices.framework/Versions/A/IconServices
0x0000000196b01000 	/System/Library/PrivateFrameworks/PlugInKit.framework/Versions/A/PlugInKit
0x00000001943ad000 	/System/Library/PrivateFrameworks/AssertionServices.framework/Versions/A/AssertionServices
0x00000001c91c3000 	/usr/lib/swift/libswiftAccelerate.dylib
0x0000000196c27000 	/System/Library/PrivateFrameworks/IconFoundation.framework/Versions/A/IconFoundation
0x000000024f1c6000 	/System/Library/PrivateFrameworks/IconRendering.framework/Versions/A/IconRendering
0x000000018f9cc000 	/System/Library/PrivateFrameworks/CoreUI.framework/Versions/A/CoreUI
0x00000002626fc000 	/System/Library/PrivateFrameworks/SFSymbols.framework/Versions/A/SFSymbols
0x000000022aa0d000 	/System/Library/Frameworks/DeveloperToolsSupport.framework/Versions/A/DeveloperToolsSupport
0x00000001a91c8000 	/System/Library/PrivateFrameworks/RenderBox.framework/Versions/A/RenderBox
0x00000001925dd000 	/System/Library/PrivateFrameworks/CoreSVG.framework/Versions/A/CoreSVG
0x0000000197acf000 	/System/Library/PrivateFrameworks/TextureIO.framework/Versions/A/TextureIO
0x00000001b1cb0000 	/usr/lib/swift/libswiftCoreImage.dylib
0x0000000197a13000 	/System/Library/Frameworks/ApplicationServices.framework/Versions/A/Frameworks/ATSUI.framework/Versions/A/ATSUI
0x00000001990ff000 	/System/Library/Frameworks/AudioToolbox.framework/Versions/A/AudioToolbox
0x0000000188335000 	/System/Library/PrivateFrameworks/AudioToolboxCore.framework/Versions/A/AudioToolboxCore
0x00000001992d9000 	/System/Library/PrivateFrameworks/AudioSession.framework/Versions/A/AudioSession
0x00000001a4482000 	/System/Library/Frameworks/CoreMIDI.framework/Versions/A/CoreMIDI
0x0000000199358000 	/usr/lib/libAudioStatistics.dylib
0x0000000191e08000 	/System/Library/PrivateFrameworks/caulk.framework/Versions/A/caulk
0x000000018892c000 	/System/Library/Frameworks/CoreAudio.framework/Versions/A/CoreAudio
0x0000000197905000 	/usr/lib/libAudioToolboxUtility.dylib
0x00000001b1c37000 	/usr/lib/swift/libswiftCoreAudio.dylib
0x00000001b82fb000 	/usr/lib/swift/libswiftCoreMIDI.dylib
0x0000000199769000 	/System/Library/PrivateFrameworks/perfdata.framework/Versions/A/perfdata
0x00000001b0c25000 	/System/Library/PrivateFrameworks/SystemPolicy.framework/Versions/A/SystemPolicy
0x000000019960e000 	/usr/lib/libSMC.dylib
0x0000000199777000 	/usr/lib/libperfcheck.dylib
0x00000002375c8000 	/System/Library/PrivateFrameworks/AudioAnalytics.framework/Versions/A/AudioAnalytics
0x000000027fceb000 	/usr/lib/swift/libswift_DarwinFoundation2.dylib
0x000000027fcec000 	/usr/lib/swift/libswift_DarwinFoundation3.dylib
0x00000001d6a78000 	/System/Library/Frameworks/OSLog.framework/Versions/A/OSLog
0x00000001b1bdc000 	/usr/lib/libmis.dylib
0x0000000196d44000 	/System/Library/PrivateFrameworks/MediaExperience.framework/Versions/A/MediaExperience
0x00000001990a8000 	/System/Library/PrivateFrameworks/AudioSession.framework/libSessionUtility.dylib
0x0000000197a47000 	/System/Library/PrivateFrameworks/CMCaptureCore.framework/Versions/A/CMCaptureCore
0x0000000196e91000 	/usr/lib/libspindump.dylib
0x000000019e581000 	/System/Library/Frameworks/CoreBluetooth.framework/Versions/A/CoreBluetooth
0x0000000194219000 	/System/Library/PrivateFrameworks/CoreUtils.framework/Versions/A/CoreUtils
0x00000001a9ee9000 	/System/Library/PrivateFrameworks/HID.framework/Versions/A/HID
0x00000002407c0000 	/System/Library/PrivateFrameworks/CoreUtilsExtras.framework/Versions/A/CoreUtilsExtras
0x000000024f128000 	/System/Library/PrivateFrameworks/IO80211.framework/Versions/A/IO80211
0x000000019afe6000 	/System/Library/Frameworks/IOBluetooth.framework/Versions/A/IOBluetooth
0x00000001bf735000 	/usr/lib/swift/libswiftCompression.dylib
0x00000002371e8000 	/System/Library/PrivateFrameworks/ArgumentParserInternal.framework/Versions/A/ArgumentParserInternal
0x00000001969a1000 	/usr/lib/libIOReport.dylib
0x00000001943bc000 	/System/Library/Frameworks/SecurityFoundation.framework/Versions/A/SecurityFoundation
0x0000000186a88000 	/System/Library/PrivateFrameworks/Lexicon.framework/Versions/A/Lexicon
0x000000019f505000 	/System/Library/PrivateFrameworks/FrontBoardServices.framework/Versions/A/FrontBoardServices
0x0000000194527000 	/usr/lib/libgermantok.dylib
0x0000000193044000 	/System/Library/PrivateFrameworks/LinguisticData.framework/Versions/A/LinguisticData
0x000000019e794000 	/System/Library/PrivateFrameworks/MediaKit.framework/Versions/A/MediaKit
0x000000019e6df000 	/System/Library/Frameworks/DiscRecording.framework/Versions/A/DiscRecording
0x0000000196c1d000 	/usr/lib/libheimdal-asn1.dylib
0x00000001a2089000 	/System/Library/Frameworks/AudioUnit.framework/Versions/A/AudioUnit
0x000000018fc98000 	/System/Library/Frameworks/OpenDirectory.framework/Versions/A/OpenDirectory
0x000000018fca6000 	/System/Library/Frameworks/OpenDirectory.framework/Versions/A/Frameworks/CFOpenDirectory.framework/Versions/A/CFOpenDirectory
0x00000001eb36d000 	/System/Library/Frameworks/AVFAudio.framework/Versions/A/AVFAudio
0x00000001aaea7000 	/usr/lib/libAccessibility.dylib
0x0000000252e5f000 	/System/Library/PrivateFrameworks/IsolatedCoreAudioClient.framework/Versions/A/IsolatedCoreAudioClient
0x00000001cd114000 	/usr/lib/swift/libswiftCoreMedia.dylib
0x0000000270309000 	/System/Library/PrivateFrameworks/Tightbeam.framework/Versions/A/Tightbeam
0x000000023c6d7000 	/System/Library/PrivateFrameworks/CoreAudioOrchestration.framework/Versions/A/CoreAudioOrchestration
0x00000001c9910000 	/System/Library/PrivateFrameworks/AFKUser.framework/Versions/A/AFKUser
0x000000019d84c000 	/System/Library/Frameworks/MediaAccessibility.framework/Versions/A/MediaAccessibility
0x00000002744a7000 	/System/Library/PrivateFrameworks/VideoToolboxParavirtualizationSupport.framework/Versions/A/VideoToolboxParavirtualizationSupport
0x0000000196bb9000 	/System/Library/PrivateFrameworks/AppleVA.framework/Versions/A/AppleVA
0x00000001979d9000 	/System/Library/PrivateFrameworks/GPUWrangler.framework/Versions/A/GPUWrangler
0x00000001979b9000 	/System/Library/PrivateFrameworks/IOPresentment.framework/Versions/A/IOPresentment
0x00000001979e1000 	/System/Library/PrivateFrameworks/DSExternalDisplay.framework/Versions/A/DSExternalDisplay
0x000000023703f000 	/System/Library/PrivateFrameworks/AppleMobileFileIntegrity.framework/Versions/A/AppleMobileFileIntegrity
0x000000027e914000 	/usr/lib/libTLE.dylib
0x00000001e7b90000 	/System/Library/PrivateFrameworks/ConfigProfileHelper.framework/Versions/A/ConfigProfileHelper
0x00000001dc979000 	/usr/lib/libedit.3.dylib
0x000000025430d000 	/System/Library/PrivateFrameworks/MIL.framework/Versions/A/MIL
0x00000001b6ce7000 	/usr/lib/libncurses.5.4.dylib
0x000000019414e000 	/System/Library/PrivateFrameworks/CoreEmoji.framework/Versions/A/CoreEmoji
0x0000000186da3000 	/usr/lib/libCRFSuite.dylib
0x0000000192f22000 	/System/Library/PrivateFrameworks/CoreNLP.framework/Versions/A/CoreNLP
0x00000001944c6000 	/usr/lib/libmecab.dylib
0x00000001953ad000 	/usr/lib/libThaiTokenizer.dylib
0x0000000197e77000 	/System/Library/PrivateFrameworks/DataDetectorsCore.framework/Versions/A/DataDetectorsCore
0x000000022a9f8000 	/System/Library/Frameworks/DataDetection.framework/Versions/A/DataDetection
0x00000001b58fb000 	/System/Library/PrivateFrameworks/TextInput.framework/Versions/A/TextInput
0x00000001d6f29000 	/System/Library/PrivateFrameworks/HIDDisplay.framework/Versions/A/HIDDisplay
0x00000001996ef000 	/usr/lib/libcups.2.dylib
0x0000000199785000 	/System/Library/Frameworks/Kerberos.framework/Versions/A/Kerberos
0x00000001993e7000 	/usr/lib/libresolv.9.dylib
0x0000000196e98000 	/System/Library/PrivateFrameworks/Heimdal.framework/Versions/A/Heimdal
0x00000001a2088000 	/System/Library/Frameworks/Kerberos.framework/Versions/A/Libraries/libHeimdalProxy.dylib
0x00000001997e9000 	/System/Library/PrivateFrameworks/CommonAuth.framework/Versions/A/CommonAuth
0x00000001aada5000 	/System/Library/PrivateFrameworks/AXCoreUtilities.framework/Versions/A/AXCoreUtilities
0x00000001baa8d000 	/System/Library/PrivateFrameworks/AttributeGraph.framework/Versions/A/AttributeGraph
0x000000027e32a000 	/usr/lib/libAXSafeCategoryBundle.dylib
0x0000000194033000 	/System/Library/Frameworks/Accelerate.framework/Versions/A/Frameworks/vecLib.framework/Versions/A/libvDSP.dylib
0x00000001954fa000 	/System/Library/Frameworks/Accelerate.framework/Versions/A/Frameworks/vecLib.framework/Versions/A/libLAPACK.dylib
0x000000019452a000 	/System/Library/Frameworks/Accelerate.framework/Versions/A/Frameworks/vecLib.framework/Versions/A/libLinearAlgebra.dylib
0x00000001953f3000 	/System/Library/Frameworks/Accelerate.framework/Versions/A/Frameworks/vecLib.framework/Versions/A/libSparseBLAS.dylib
0x00000001954f5000 	/System/Library/Frameworks/Accelerate.framework/Versions/A/Frameworks/vecLib.framework/Versions/A/libQuadrature.dylib
0x000000019304b000 	/System/Library/Frameworks/Accelerate.framework/Versions/A/Frameworks/vecLib.framework/Versions/A/libBNNS.dylib
0x0000000186b9c000 	/System/Library/Frameworks/Accelerate.framework/Versions/A/Frameworks/vecLib.framework/Versions/A/libSparse.dylib
0x000000022a4ba000 	/System/Library/Frameworks/CoreTransferable.framework/Versions/A/CoreTransferable
0x000000019974e000 	/System/Library/PrivateFrameworks/NetAuth.framework/Versions/A/NetAuth
0x000000018feb6000 	/System/Library/PrivateFrameworks/login.framework/Versions/A/Frameworks/loginsupport.framework/Versions/A/loginsupport
0x000000018b3db000 	/System/Library/PrivateFrameworks/UIFoundation.framework/Versions/A/UIFoundation
0x0000000194490000 	/usr/lib/libCheckFix.dylib
0x000000018f036000 	/System/Library/PrivateFrameworks/MetadataUtilities.framework/Versions/A/MetadataUtilities
0x000000024fbd5000 	/System/Library/PrivateFrameworks/InstalledContentLibrary.framework/Versions/A/InstalledContentLibrary
0x0000000189b15000 	/System/Library/PrivateFrameworks/CoreServicesStore.framework/Versions/A/CoreServicesStore
0x000000018fcfd000 	/usr/lib/libapp_launch_measurement.dylib
0x00000001c4e67000 	/System/Library/PrivateFrameworks/MobileSystemServices.framework/Versions/A/MobileSystemServices
0x0000000196862000 	/usr/lib/libxslt.1.dylib
0x000000019444f000 	/System/Library/PrivateFrameworks/BackgroundTaskManagement.framework/Versions/A/BackgroundTaskManagement
0x00000001a1739000 	/usr/lib/libcurl.4.dylib
0x000000027eb4d000 	/usr/lib/libcrypto.46.dylib
0x000000027f7ee000 	/usr/lib/libssl.48.dylib
0x00000001a140f000 	/System/Library/Frameworks/LDAP.framework/Versions/A/LDAP
0x00000001a144b000 	/System/Library/PrivateFrameworks/TrustEvaluationAgent.framework/Versions/A/TrustEvaluationAgent
0x0000000199404000 	/usr/lib/libsasl2.2.dylib
0x00000001a466f000 	/System/Library/Frameworks/Cocoa.framework/Versions/A/Cocoa
0x0000000189cae000 	/System/Library/Frameworks/AppKit.framework/Versions/C/AppKit
0x000000023ae23000 	/System/Library/PrivateFrameworks/CollectionViewCore.framework/Versions/A/CollectionViewCore
0x00000001925d7000 	/System/Library/PrivateFrameworks/XCTTargetBootstrap.framework/Versions/A/XCTTargetBootstrap
0x0000000197ec9000 	/System/Library/PrivateFrameworks/UserActivity.framework/Versions/A/UserActivity
0x000000024351f000 	/System/Library/PrivateFrameworks/FrontBoard.framework/Versions/A/FrontBoard
0x000000027225b000 	/System/Library/PrivateFrameworks/UIIntelligenceSupport.framework/Versions/A/UIIntelligenceSupport
0x000000022fe8b000 	/System/Library/Frameworks/SwiftUICore.framework/Versions/A/SwiftUICore
0x000000027870d000 	/System/Library/PrivateFrameworks/WritingTools.framework/Versions/A/WritingTools
0x0000000277560000 	/System/Library/PrivateFrameworks/WindowManagement.framework/Versions/A/WindowManagement
0x0000000243258000 	/System/Library/PrivateFrameworks/FocusEngine.framework/Versions/A/FocusEngine
0x0000000240f0c000 	/System/Library/PrivateFrameworks/DesignLibrary.framework/Versions/A/DesignLibrary
0x00000001925c2000 	/System/Library/PrivateFrameworks/DFRFoundation.framework/Versions/A/DFRFoundation
0x0000000272e07000 	/System/Library/PrivateFrameworks/UpdateCycle.framework/Versions/A/UpdateCycle
0x00000001922bf000 	/System/Library/Frameworks/Carbon.framework/Versions/A/Frameworks/HIToolbox.framework/Versions/A/HIToolbox
0x000000019d17d000 	/System/Library/Frameworks/Carbon.framework/Versions/A/Frameworks/SpeechRecognition.framework/Versions/A/SpeechRecognition
0x000000018fc8e000 	/System/Library/PrivateFrameworks/PerformanceAnalysis.framework/Versions/A/PerformanceAnalysis
0x000000019d502000 	/System/Library/Frameworks/Accessibility.framework/Versions/A/Accessibility
0x0000000230dfd000 	/System/Library/Frameworks/Symbols.framework/Versions/A/Symbols
0x000000024c367000 	/System/Library/PrivateFrameworks/Gestures.framework/Versions/A/Gestures
0x00000001aebf9000 	/usr/lib/swift/libswiftCoreGraphics.dylib
0x000000019df48000 	/usr/lib/swift/libswiftFoundation.dylib
0x00000001e754e000 	/usr/lib/swift/libswiftSwiftOnoneSupport.dylib
0x000000027fe5d000 	/usr/lib/swift/libswiftsys_time.dylib
0x00000001d2e50000 	/System/Library/PrivateFrameworks/CoreMaterial.framework/Versions/A/CoreMaterial
0x000000027fba3000 	/usr/lib/swift/libswiftSpatial.dylib
0x000000027e911000 	/usr/lib/libSpatial.dylib
0x000000027e248000 	/System/Library/SubFrameworks/UIUtilities.framework/Versions/A/UIUtilities
0x000000010650c000 	/opt/homebrew/Cellar/openjdk@17/17.0.14/libexec/openjdk.jdk/Contents/Home/lib/server/libjvm.dylib
0x0000000100d88000 	/opt/homebrew/Cellar/openjdk@17/17.0.14/libexec/openjdk.jdk/Contents/Home/lib/libjimage.dylib
0x0000000100db8000 	/opt/homebrew/Cellar/openjdk@17/17.0.14/libexec/openjdk.jdk/Contents/Home/lib/libinstrument.dylib
0x0000000100e08000 	/opt/homebrew/Cellar/openjdk@17/17.0.14/libexec/openjdk.jdk/Contents/Home/lib/libjava.dylib
0x0000000100e7c000 	/opt/homebrew/Cellar/openjdk@17/17.0.14/libexec/openjdk.jdk/Contents/Home/lib/libnio.dylib
0x00000001012f8000 	/opt/homebrew/Cellar/openjdk@17/17.0.14/libexec/openjdk.jdk/Contents/Home/lib/libnet.dylib
0x0000000100dec000 	/opt/homebrew/Cellar/openjdk@17/17.0.14/libexec/openjdk.jdk/Contents/Home/lib/libzip.dylib
0x0000000106190000 	/opt/homebrew/Cellar/openjdk@17/17.0.14/libexec/openjdk.jdk/Contents/Home/lib/libextnet.dylib
0x00000001061a4000 	/Users/kristijan/Developer/IdeaProjects/javafx-sdk-21.0.10/lib/libprism_es2.dylib
0x00000001b05f5000 	/System/Library/Frameworks/Carbon.framework/Versions/A/Carbon
0x00000001a6be3000 	/System/Library/Frameworks/Carbon.framework/Versions/A/Frameworks/CommonPanels.framework/Versions/A/CommonPanels
0x00000001a1724000 	/System/Library/Frameworks/Carbon.framework/Versions/A/Frameworks/Help.framework/Versions/A/Help
0x00000001a6be7000 	/System/Library/Frameworks/Carbon.framework/Versions/A/Frameworks/ImageCapture.framework/Versions/A/ImageCapture
0x00000001a6bc2000 	/System/Library/Frameworks/Carbon.framework/Versions/A/Frameworks/OpenScripting.framework/Versions/A/OpenScripting
0x00000001a6be2000 	/System/Library/Frameworks/Carbon.framework/Versions/A/Frameworks/Ink.framework/Versions/A/Ink
0x00000001a6bdf000 	/System/Library/Frameworks/Carbon.framework/Versions/A/Frameworks/SecurityHI.framework/Versions/A/SecurityHI
0x000000027e76b000 	/usr/lib/libInterpreterSecurity.dylib
0x00000001c6a8f000 	/System/Library/PrivateFrameworks/XprotectFramework.framework/Versions/A/XprotectFramework
0x00000001aa1fe000 	/System/Library/PrivateFrameworks/yara.framework/Versions/A/yara
0x000000027e6e8000 	/usr/lib/libEndpointSecuritySystem.dylib
0x00000001eaff3000 	/System/Library/Frameworks/OpenGL.framework/Versions/A/Resources/GLEngine.bundle/GLEngine
0x00000001eae95000 	/System/Library/Frameworks/OpenGL.framework/Versions/A/Libraries/libGLProgrammability.dylib
0x0000000106424000 	/System/Library/Extensions/AppleMetalOpenGLRenderer.bundle/Contents/MacOS/AppleMetalOpenGLRenderer
0x00000001eb154000 	/System/Library/Frameworks/OpenGL.framework/Versions/A/Resources/GLRendererFloat.bundle/GLRendererFloat
0x0000000130770000 	/System/Library/Extensions/AGXMetalG15G_C0.bundle/Contents/MacOS/AGXMetalG15G_C0
0x00000001a9efc000 	/System/Library/PrivateFrameworks/IOGPU.framework/Versions/A/IOGPU
0x0000000128dc4000 	/Users/kristijan/Developer/IdeaProjects/javafx-sdk-21.0.10/lib/libglass.dylib
0x00000001eb63c000 	/System/Library/Frameworks/AppIntents.framework/Versions/A/AppIntents
0x000000022f5a2000 	/System/Library/Frameworks/RelevanceKit.framework/Versions/A/RelevanceKit
0x0000000194ff3000 	/System/Library/Frameworks/CoreSpotlight.framework/Versions/A/CoreSpotlight
0x0000000253e22000 	/System/Library/PrivateFrameworks/LinkServices.framework/Versions/A/LinkServices
0x000000024189f000 	/System/Library/PrivateFrameworks/DoNotDisturb.framework/Versions/A/DoNotDisturb
0x0000000253c7b000 	/System/Library/PrivateFrameworks/LinkMetadata.framework/Versions/A/LinkMetadata
0x00000001b1c5e000 	/usr/lib/swift/libswiftIntents.dylib
0x00000001b6e41000 	/System/Library/PrivateFrameworks/IntentsCore.framework/Versions/A/IntentsCore
0x0000000237a97000 	/System/Library/PrivateFrameworks/AvailabilityKit.framework/Versions/A/AvailabilityKit
0x0000000234e85000 	/System/Library/PrivateFrameworks/AppIntentSchemas.framework/Versions/A/AppIntentSchemas
0x0000000249140000 	/System/Library/PrivateFrameworks/GRDBInternal.framework/Versions/A/GRDBInternal
0x000000026c5ec000 	/System/Library/PrivateFrameworks/StatusKit.framework/Versions/A/StatusKit
0x000000019eac3000 	/System/Library/PrivateFrameworks/GenerationalStorage.framework/Versions/A/GenerationalStorage
0x000000019e8eb000 	/System/Library/Frameworks/FileProvider.framework/Versions/A/FileProvider
0x000000018b5ad000 	/System/Library/PrivateFrameworks/DesktopServicesPriv.framework/Versions/A/DesktopServicesPriv
0x000000018d8d7000 	/System/Library/Frameworks/Accounts.framework/Versions/A/Accounts
0x00000001b16ca000 	/System/Library/PrivateFrameworks/FTServices.framework/Versions/A/FTServices
0x00000001a9ea8000 	/System/Library/PrivateFrameworks/CloudServices.framework/Versions/A/CloudServices
0x00000001a0f68000 	/System/Library/PrivateFrameworks/CoreWiFi.framework/Versions/A/CoreWiFi
0x0000000191843000 	/System/Library/Frameworks/CoreLocation.framework/Versions/A/CoreLocation
0x00000001a08ff000 	/System/Library/Frameworks/Intents.framework/Versions/A/Intents
0x0000000231d4a000 	/System/Library/Frameworks/_LocationEssentials.framework/Versions/A/_LocationEssentials
0x0000000194fa2000 	/System/Library/Frameworks/UserNotifications.framework/Versions/A/UserNotifications
0x000000019ac18000 	/System/Library/PrivateFrameworks/Sharing.framework/Versions/A/Sharing
0x000000019a7a8000 	/System/Library/PrivateFrameworks/IDSFoundation.framework/Versions/A/IDSFoundation
0x00000001a0f67000 	/System/Library/PrivateFrameworks/Apple80211.framework/Versions/A/Apple80211
0x0000000194c49000 	/System/Library/PrivateFrameworks/AuthKit.framework/Versions/A/AuthKit
0x0000000194196000 	/System/Library/Frameworks/CoreWLAN.framework/Versions/A/CoreWLAN
0x00000001b82dc000 	/usr/lib/swift/libswiftCoreLocation.dylib
0x0000000198ff6000 	/System/Library/PrivateFrameworks/IMFoundation.framework/Versions/A/IMFoundation
0x00000001aa1fd000 	/System/Library/PrivateFrameworks/Marco.framework/Versions/A/Marco
0x000000018d961000 	/System/Library/PrivateFrameworks/CommonUtilities.framework/Versions/A/CommonUtilities
0x00000001a6baa000 	/System/Library/PrivateFrameworks/Engram.framework/Versions/A/Engram
0x000000027fb02000 	/usr/lib/swift/libswiftRegexBuilder.dylib
0x00000001a6b48000 	/usr/lib/libtidy.A.dylib
0x000000019719b000 	/System/Library/PrivateFrameworks/Bom.framework/Versions/A/Bom
0x0000000199425000 	/usr/lib/libParallelCompression.dylib
0x00000001deaa3000 	/System/Library/PrivateFrameworks/WiFiPeerToPeer.framework/Versions/A/WiFiPeerToPeer
0x000000027f30b000 	/usr/lib/libmrc.dylib
0x000000024f192000 	/System/Library/PrivateFrameworks/IPConfiguration.framework/Versions/A/IPConfiguration
0x00000001d2e12000 	/System/Library/PrivateFrameworks/Netrb.framework/Versions/A/Netrb
0x0000000199417000 	/System/Library/PrivateFrameworks/MultiverseSupport.framework/Versions/A/MultiverseSupport
0x000000019e7c6000 	/System/Library/PrivateFrameworks/DiskManagement.framework/Versions/A/DiskManagement
0x000000019e6d2000 	/System/Library/PrivateFrameworks/AppleIDAuthSupport.framework/Versions/A/AppleIDAuthSupport
0x0000000232618000 	/System/Library/PrivateFrameworks/AAAFoundation.framework/Versions/A/AAAFoundation
0x0000000199925000 	/System/Library/PrivateFrameworks/KeychainCircle.framework/Versions/A/KeychainCircle
0x00000001aad9b000 	/System/Library/PrivateFrameworks/URLFormatting.framework/Versions/A/URLFormatting
0x00000001a172d000 	/usr/lib/libcsfde.dylib
0x0000000196b4b000 	/usr/lib/libCoreStorage.dylib
0x000000019b0bd000 	/System/Library/PrivateFrameworks/ProtectedCloudStorage.framework/Versions/A/ProtectedCloudStorage
0x00000001a1728000 	/System/Library/PrivateFrameworks/EFILogin.framework/Versions/A/EFILogin
0x000000019eaea000 	/System/Library/PrivateFrameworks/OctagonTrust.framework/Versions/A/OctagonTrust
0x000000019b386000 	/System/Library/PrivateFrameworks/GeoServices.framework/Versions/A/GeoServices
0x000000019906f000 	/System/Library/PrivateFrameworks/LocationSupport.framework/Versions/A/LocationSupport
0x000000024c1c1000 	/System/Library/PrivateFrameworks/GeoServicesCore.framework/Versions/A/GeoServicesCore
0x00000001aad99000 	/System/Library/PrivateFrameworks/PhoneNumbers.framework/Versions/A/PhoneNumbers
0x00000002541fe000 	/System/Library/PrivateFrameworks/LocationLogEncryption.framework/Versions/A/LocationLogEncryption
0x000000019a5ca000 	/System/Library/PrivateFrameworks/IDS.framework/Versions/A/IDS
0x00000001d976d000 	/System/Library/Frameworks/CryptoKit.framework/Versions/A/CryptoKit
0x00000001a2084000 	/System/Library/PrivateFrameworks/CryptoKitCBridging.framework/Versions/A/CryptoKitCBridging
0x000000019f6c3000 	/System/Library/Frameworks/CryptoTokenKit.framework/Versions/A/CryptoTokenKit
0x00000001c00f4000 	/System/Library/PrivateFrameworks/FTAWD.framework/Versions/A/FTAWD
0x0000000189c52000 	/usr/lib/libsandbox.1.dylib
0x0000000196b43000 	/usr/lib/libMatch.1.dylib
0x00000001a2147000 	/System/Library/PrivateFrameworks/IntentsFoundation.framework/Versions/A/IntentsFoundation
0x000000018fb55000 	/System/Library/PrivateFrameworks/ViewBridge.framework/Versions/A/ViewBridge
0x0000000231c56000 	/System/Library/Frameworks/_AppIntents_AppKit.framework/Versions/A/_AppIntents_AppKit
0x00000001b82c1000 	/System/Library/Frameworks/Accelerate.framework/Versions/A/Frameworks/vImage.framework/Versions/A/Libraries/libCGInterfaces.dylib
0x00000001064f0000 	/usr/lib/libobjc-trampolines.dylib
0x000000027e32e000 	/usr/lib/libAccessibilityBaseImplementations.dylib
0x0000000278712000 	/System/Library/PrivateFrameworks/WritingToolsUI.framework/Versions/A/WritingToolsUI
0x000000024bb7d000 	/System/Library/PrivateFrameworks/GenerativeAssistantSettings.framework/Versions/A/GenerativeAssistantSettings
0x000000026e285000 	/System/Library/PrivateFrameworks/TextComposer.framework/Versions/A/TextComposer
0x000000024bb54000 	/System/Library/PrivateFrameworks/GenerativeAssistantCommon.framework/Versions/A/GenerativeAssistantCommon
0x00000001b934d000 	/System/Library/Frameworks/SwiftUI.framework/Versions/A/SwiftUI
0x0000000231c95000 	/System/Library/Frameworks/_AuthenticationServices_SwiftUI.framework/Versions/A/_AuthenticationServices_SwiftUI
0x0000000234bbb000 	/System/Library/PrivateFrameworks/Anvil.framework/Versions/A/Anvil
0x00000001b8901000 	/System/Library/PrivateFrameworks/AppStoreDaemon.framework/Versions/A/AppStoreDaemon
0x00000001a46c2000 	/System/Library/PrivateFrameworks/AppleMediaServices.framework/Versions/A/AppleMediaServices
0x000000024c04c000 	/System/Library/PrivateFrameworks/GenerativePartnerServiceUI.framework/Versions/A/GenerativePartnerServiceUI
0x00000001e6ad3000 	/System/Library/PrivateFrameworks/JetEngine.framework/Versions/A/JetEngine
0x000000026e162000 	/System/Library/PrivateFrameworks/TextAnimationSupport.framework/Versions/A/TextAnimationSupport
0x0000000261635000 	/System/Library/PrivateFrameworks/RecapPerformanceTesting.framework/Versions/A/RecapPerformanceTesting
0x00000001b252e000 	/System/Library/PrivateFrameworks/SignpostCollection.framework/Versions/A/SignpostCollection
0x0000000237959000 	/System/Library/PrivateFrameworks/AuthenticationServicesCore.framework/Versions/A/AuthenticationServicesCore
0x00000001bbcbe000 	/System/Library/Frameworks/AuthenticationServices.framework/Versions/A/AuthenticationServices
0x0000000196add000 	/System/Library/PrivateFrameworks/SharedWebCredentials.framework/Versions/A/SharedWebCredentials
0x00000001b33c5000 	/System/Library/PrivateFrameworks/SafariCore.framework/Versions/A/SafariCore
0x00000001bb7fc000 	/System/Library/PrivateFrameworks/SafariFoundation.framework/Versions/A/SafariFoundation
0x000000019e207000 	/System/Library/Frameworks/Contacts.framework/Versions/A/Contacts
0x0000000238b95000 	/System/Library/PrivateFrameworks/CBORLibrary.framework/Versions/A/CBORLibrary
0x0000000239b6e000 	/System/Library/PrivateFrameworks/Chirp.framework/Versions/A/Chirp
0x000000023a768000 	/System/Library/PrivateFrameworks/CloudSubscriptionFeatures.framework/Versions/A/CloudSubscriptionFeatures
0x000000019df49000 	/System/Library/PrivateFrameworks/ContactsFoundation.framework/Versions/A/ContactsFoundation
0x00000001e7ebf000 	/System/Library/PrivateFrameworks/RemoteManagement.framework/Versions/A/RemoteManagement
0x00000002619c3000 	/System/Library/PrivateFrameworks/RemoteManagementModel.framework/Versions/A/RemoteManagementModel
0x0000000261a54000 	/System/Library/PrivateFrameworks/RemoteManagementStore.framework/Versions/A/RemoteManagementStore
0x000000019b1cc000 	/usr/lib/libxcselect.dylib
0x00000001bb76b000 	/System/Library/PrivateFrameworks/DifferentialPrivacy.framework/Versions/A/DifferentialPrivacy
0x000000025654a000 	/System/Library/PrivateFrameworks/ManagedSettingsObjC.framework/Versions/A/ManagedSettingsObjC
0x0000000254203000 	/System/Library/PrivateFrameworks/LockdownMode.framework/Versions/A/LockdownMode
0x00000002730fb000 	/System/Library/PrivateFrameworks/VDAF.framework/Versions/A/VDAF
0x000000019e021000 	/System/Library/PrivateFrameworks/ContactsPersistence.framework/Versions/A/ContactsPersistence
0x000000019d181000 	/System/Library/PrivateFrameworks/AppleLDAP.framework/Versions/A/AppleLDAP
0x00000001a1adb000 	/System/Library/Frameworks/ClassKit.framework/Versions/A/ClassKit
0x00000001a3d6d000 	/System/Library/PrivateFrameworks/CoreSuggestions.framework/Versions/A/CoreSuggestions
0x000000019f671000 	/System/Library/PrivateFrameworks/vCard.framework/Versions/A/vCard
0x000000023b3ef000 	/System/Library/PrivateFrameworks/ContactsMetrics.framework/Versions/A/ContactsMetrics
0x0000000196f59000 	/System/Library/PrivateFrameworks/login.framework/Versions/A/login
0x0000000256544000 	/System/Library/PrivateFrameworks/ManagedOrganizationContacts.framework/Versions/A/ManagedOrganizationContacts
0x000000019033a000 	/System/Library/PrivateFrameworks/CloudDocs.framework/Versions/A/CloudDocs
0x00000001aa75b000 	/System/Library/PrivateFrameworks/ProactiveEventTracker.framework/Versions/A/ProactiveEventTracker
0x00000001994c7000 	/System/Library/PrivateFrameworks/CoreFollowUp.framework/Versions/A/CoreFollowUp
0x00000001a329e000 	/System/Library/PrivateFrameworks/ConfigurationProfiles.framework/Versions/A/ConfigurationProfiles
0x0000000240a44000 	/System/Library/PrivateFrameworks/DMCUtilities.framework/Versions/A/DMCUtilities
0x0000000254284000 	/System/Library/PrivateFrameworks/MDMClientLibrary.framework/Versions/A/MDMClientLibrary
0x0000000261a48000 	/System/Library/PrivateFrameworks/RemoteManagementProtocol.framework/Versions/A/RemoteManagementProtocol
0x000000019d864000 	/System/Library/PrivateFrameworks/SystemAdministration.framework/Versions/A/SystemAdministration
0x00000001a8709000 	/System/Library/PrivateFrameworks/PowerlogControl.framework/Versions/A/PowerlogControl
0x0000000194481000 	/System/Library/Frameworks/ServiceManagement.framework/Versions/A/ServiceManagement
0x00000001a870b000 	/usr/lib/libUniversalAccess.dylib
0x00000001a50ed000 	/System/Library/PrivateFrameworks/FamilyControls.framework/Versions/A/FamilyControls
0x000000019d157000 	/System/Library/Frameworks/DirectoryService.framework/Versions/A/DirectoryService
0x00000001a17bb000 	/System/Library/PrivateFrameworks/LoginUIKit.framework/Versions/A/Frameworks/LoginUICore.framework/Versions/A/LoginUICore
0x0000000197199000 	/usr/lib/libodfde.dylib
0x00000001a50e7000 	/System/Library/PrivateFrameworks/UniversalAccess.framework/Versions/A/Libraries/libUAPreferences.dylib
0x00000001a5111000 	/System/Library/PrivateFrameworks/CommerceKit.framework/Versions/A/Frameworks/CommerceCore.framework/Versions/A/CommerceCore
0x00000002409b0000 	/System/Library/PrivateFrameworks/DEPClientLibrary.framework/Versions/A/DEPClientLibrary
0x00000002409d9000 	/System/Library/PrivateFrameworks/DMCEnrollmentLibrary.framework/Versions/A/DMCEnrollmentLibrary
0x00000001a87ed000 	/System/Library/PrivateFrameworks/SetupAssistantFramework.framework/Versions/A/SetupAssistantFramework
0x00000001a1ec0000 	/System/Library/PrivateFrameworks/AuthKitUI.framework/Versions/A/AuthKitUI
0x00000001a1805000 	/System/Library/PrivateFrameworks/AppSSO.framework/Versions/A/AppSSO
0x00000001b865e000 	/System/Library/PrivateFrameworks/LocalAuthenticationUI.framework/Versions/A/LocalAuthenticationUI
0x000000025f776000 	/System/Library/PrivateFrameworks/PlatformSSO.framework/Versions/A/PlatformSSO
0x00000001b9111000 	/System/Library/PrivateFrameworks/AOSUI.framework/Versions/A/AOSUI
0x00000001aa524000 	/System/Library/Frameworks/ContactsUI.framework/Versions/A/ContactsUI
0x000000019e494000 	/System/Library/PrivateFrameworks/FamilyCircle.framework/Versions/A/FamilyCircle
0x00000001c6e76000 	/System/Library/Frameworks/LinkPresentation.framework/Versions/A/LinkPresentation
0x000000022bf31000 	/System/Library/Frameworks/LocalAuthenticationEmbeddedUI.framework/Versions/A/LocalAuthenticationEmbeddedUI
0x000000025f863000 	/System/Library/PrivateFrameworks/PlatformSSOCore.framework/Versions/A/PlatformSSOCore
0x00000001aa0e4000 	/System/Library/PrivateFrameworks/IASUtilities.framework/Versions/A/IASUtilities
0x000000024f05b000 	/System/Library/PrivateFrameworks/IASUtilitiesCore.framework/Versions/A/IASUtilitiesCore
0x00000001b253e000 	/System/Library/PrivateFrameworks/OnBoardingKit.framework/Versions/A/OnBoardingKit
0x0000000261abe000 	/System/Library/PrivateFrameworks/RemoteUI.framework/Versions/A/RemoteUI
0x00000001aecd8000 	/System/Library/Frameworks/WebKit.framework/Versions/A/WebKit
0x00000001a6bea000 	/System/Library/Frameworks/JavaScriptCore.framework/Versions/A/JavaScriptCore
0x0000000253612000 	/System/Library/PrivateFrameworks/LiftUI.framework/Versions/A/LiftUI
0x0000000263ffe000 	/System/Library/PrivateFrameworks/Settings.framework/Versions/A/Settings
0x0000000278d1f000 	/System/Library/PrivateFrameworks/_IconServices_SwiftUI.framework/Versions/A/_IconServices_SwiftUI
0x0000000229e5c000 	/System/Library/Frameworks/BrowserEngineCore.framework/Versions/A/BrowserEngineCore
0x00000001a406c000 	/System/Library/Frameworks/WebKit.framework/Versions/A/Frameworks/WebKitLegacy.framework/Versions/A/WebKitLegacy
0x00000001a1e68000 	/System/Library/PrivateFrameworks/CorePrediction.framework/Versions/A/CorePrediction
0x0000000190c44000 	/System/Library/Frameworks/WebKit.framework/Versions/A/Frameworks/WebCore.framework/Versions/A/Frameworks/libwebrtc.dylib
0x00000001aec63000 	/System/Library/PrivateFrameworks/SafariSafeBrowsing.framework/Versions/A/SafariSafeBrowsing
0x000000019948d000 	/System/Library/Frameworks/SecurityInterface.framework/Versions/A/SecurityInterface
0x00000001b253d000 	/System/Library/PrivateFrameworks/WebInspectorUI.framework/Versions/A/WebInspectorUI
0x00000001aaedd000 	/System/Library/Frameworks/WebKit.framework/Versions/A/Frameworks/WebCore.framework/Versions/A/WebCore
0x0000000231816000 	/System/Library/Frameworks/WebKit.framework/Versions/A/Frameworks/WebCore.framework/Versions/A/Frameworks/libANGLE-shared.dylib
0x0000000276fed000 	/System/Library/PrivateFrameworks/WebGPU.framework/Versions/A/WebGPU
0x00000001b43e3000 	/System/Library/Frameworks/SceneKit.framework/Versions/A/SceneKit
0x00000001c56ba000 	/System/Library/Frameworks/ModelIO.framework/Versions/A/ModelIO
0x000000019b1ae000 	/System/Library/Frameworks/MetalKit.framework/Versions/A/MetalKit
0x000000019d485000 	/System/Library/Frameworks/GLKit.framework/Versions/A/GLKit
0x0000000280134000 	/usr/lib/usd/libusd_ms.dylib
0x000000027251a000 	/System/Library/PrivateFrameworks/USDLib_FormatLoaderProxy.framework/Versions/A/USDLib_FormatLoaderProxy
0x000000027fe58000 	/usr/lib/swift/libswift_errno.dylib
0x00000001b16ab000 	/System/Library/PrivateFrameworks/CoreOptimization.framework/Versions/A/CoreOptimization
0x000000022ac7b000 	/System/Library/Frameworks/ExtensionKit.framework/Versions/A/ExtensionKit
0x000000023a6ad000 	/System/Library/PrivateFrameworks/CloudSettings.framework/Versions/A/CloudSettings
0x000000022acbe000 	/System/Library/Frameworks/FSKit.framework/Versions/A/FSKit
0x0000000253fb0000 	/System/Library/PrivateFrameworks/LiveFS.framework/Versions/A/LiveFS
0x00000001a3e3e000 	/System/Library/Frameworks/EventKit.framework/Versions/A/EventKit
0x00000001b2751000 	/System/Library/PrivateFrameworks/SearchFoundation.framework/Versions/A/SearchFoundation
0x00000001c8f31000 	/System/Library/PrivateFrameworks/Email.framework/Versions/A/Email
0x00000001b127a000 	/System/Library/PrivateFrameworks/CoreRoutine.framework/Versions/A/CoreRoutine
0x00000001e782e000 	/System/Library/PrivateFrameworks/VoiceShortcutClient.framework/Versions/A/VoiceShortcutClient
0x00000001c0c6c000 	/System/Library/PrivateFrameworks/Categories.framework/Versions/A/Categories
0x00000001b8fc0000 	/System/Library/PrivateFrameworks/ChronoServices.framework/Versions/A/ChronoServices
0x0000000239638000 	/System/Library/PrivateFrameworks/CalendarDatabase.framework/Versions/A/CalendarDatabase
0x0000000239582000 	/System/Library/PrivateFrameworks/CalendarDaemon.framework/Versions/A/CalendarDaemon
0x00000001a31c2000 	/System/Library/PrivateFrameworks/CalendarFoundation.framework/Versions/A/CalendarFoundation
0x00000001a317e000 	/System/Library/PrivateFrameworks/iCalendar.framework/Versions/A/iCalendar
0x0000000240c43000 	/System/Library/PrivateFrameworks/DataAccessExpress.framework/Versions/A/DataAccessExpress
0x00000001aa685000 	/System/Library/PrivateFrameworks/ContactsAutocomplete.framework/Versions/A/ContactsAutocomplete
0x000000027fc42000 	/usr/lib/swift/libswiftVideoToolbox.dylib
0x00000001b8f0e000 	/System/Library/PrivateFrameworks/FTClientServices.framework/Versions/A/FTClientServices
0x000000027fab3000 	/usr/lib/swift/libswiftCoreMediaIO.dylib
0x00000001a9f6e000 	/System/Library/PrivateFrameworks/CoreDAV.framework/Versions/A/CoreDAV
0x00000001a3d0e000 	/System/Library/PrivateFrameworks/CalDAV.framework/Versions/A/CalDAV
0x00000001ae960000 	/System/Library/PrivateFrameworks/TelephonyUtilities.framework/Versions/A/TelephonyUtilities
0x000000022beee000 	/System/Library/Frameworks/LiveCommunicationKit.framework/Versions/A/LiveCommunicationKit
0x000000023af9f000 	/System/Library/PrivateFrameworks/CommunicationTrust.framework/Versions/A/CommunicationTrust
0x00000001b31dd000 	/System/Library/Frameworks/CallKit.framework/Versions/A/CallKit
0x000000019e48c000 	/System/Library/PrivateFrameworks/CommunicationsFilter.framework/Versions/A/CommunicationsFilter
0x00000001dcab4000 	/System/Library/PrivateFrameworks/IMTransferServices.framework/Versions/A/IMTransferServices
0x00000001b16c4000 	/System/Library/PrivateFrameworks/IncomingCallFilter.framework/Versions/A/IncomingCallFilter
0x000000025a35d000 	/System/Library/PrivateFrameworks/NeighborhoodActivityConduit.framework/Versions/A/NeighborhoodActivityConduit
0x00000001b56ab000 	/System/Library/PrivateFrameworks/CallHistory.framework/Versions/A/CallHistory
0x000000027e55b000 	/usr/lib/libBASupport.dylib
0x0000000239a4f000 	/System/Library/PrivateFrameworks/CallsUtilities.framework/Versions/A/CallsUtilities
0x0000000239a5a000 	/System/Library/PrivateFrameworks/CallsXPC.framework/Versions/A/CallsXPC
0x00000001e8020000 	/usr/lib/swift/libswiftCallKit.dylib
0x0000000239a42000 	/System/Library/PrivateFrameworks/CallsPersistence.framework/Versions/A/CallsPersistence
0x000000022f879000 	/System/Library/Frameworks/SensitiveContentAnalysis.framework/Versions/A/SensitiveContentAnalysis
0x00000001b66d1000 	/System/Library/PrivateFrameworks/PeopleSuggester.framework/Versions/A/PeopleSuggester
0x00000001bfabc000 	/System/Library/PrivateFrameworks/SpotlightReceiver.framework/Versions/A/SpotlightReceiver
0x0000000278ce6000 	/System/Library/PrivateFrameworks/_AppIntentsServices_AppIntents.framework/Versions/A/_AppIntentsServices_AppIntents
0x0000000234eef000 	/System/Library/PrivateFrameworks/AppIntentsServices.framework/Versions/A/AppIntentsServices
0x00000001a3166000 	/System/Library/PrivateFrameworks/CoreRecents.framework/Versions/A/CoreRecents
0x000000022b3c4000 	/System/Library/Frameworks/GeoToolbox.framework/Versions/A/GeoToolbox
0x0000000231d16000 	/System/Library/Frameworks/_GeoToolbox_AppIntents.framework/Versions/A/_GeoToolbox_AppIntents
0x00000001d2848000 	/System/Library/PrivateFrameworks/DiagnosticRequest.framework/Versions/A/DiagnosticRequest
0x0000000278c2a000 	/System/Library/PrivateFrameworks/XPCDistributed.framework/Versions/A/XPCDistributed
0x00000002616cb000 	/System/Library/PrivateFrameworks/RegulatoryDomain.framework/Versions/A/RegulatoryDomain
0x000000019d55d000 	/usr/lib/libCTGreenTeaLogger.dylib
0x00000002541d5000 	/System/Library/PrivateFrameworks/LocalStatusKit.framework/Versions/A/LocalStatusKit
0x00000001ae84c000 	/System/Library/PrivateFrameworks/CoreParsec.framework/Versions/A/CoreParsec
0x00000001c8f25000 	/System/Library/PrivateFrameworks/EmailAddressing.framework/Versions/A/EmailAddressing
0x00000001c4f2d000 	/System/Library/PrivateFrameworks/EmailCore.framework/Versions/A/EmailCore
0x00000001c5f56000 	/System/Library/PrivateFrameworks/EmailFoundation.framework/Versions/A/EmailFoundation
0x000000025d2f8000 	/System/Library/PrivateFrameworks/PegasusAPI.framework/Versions/A/PegasusAPI
0x000000025de4c000 	/System/Library/PrivateFrameworks/PegasusConfiguration.framework/Versions/A/PegasusConfiguration
0x0000000270d87000 	/System/Library/PrivateFrameworks/ToolKit.framework/Versions/A/ToolKit
0x0000000261e53000 	/System/Library/PrivateFrameworks/ReplicatorEngine.framework/Versions/A/ReplicatorEngine
0x0000000261ff2000 	/System/Library/PrivateFrameworks/ReplicatorServices.framework/Versions/A/ReplicatorServices
0x000000026daef000 	/System/Library/PrivateFrameworks/SystemWake.framework/Versions/A/SystemWake
0x00000001b33ab000 	/System/Library/PrivateFrameworks/ContextKit.framework/Versions/A/ContextKit
0x000000023b53b000 	/System/Library/PrivateFrameworks/ContextKitCore.framework/Versions/A/ContextKitCore
0x00000001b194a000 	/System/Library/Frameworks/LocalAuthentication.framework/Support/DaemonUtils.framework/Versions/A/DaemonUtils
0x000000025416a000 	/System/Library/PrivateFrameworks/LocalAuthenticationCoreUI.framework/Versions/A/LocalAuthenticationCoreUI
0x00000001b4d31000 	/System/Library/PrivateFrameworks/BridgeXPC.framework/Versions/A/BridgeXPC
0x00000001b261a000 	/System/Library/PrivateFrameworks/CoreKDL.framework/Versions/A/CoreKDL
0x00000001b0c1e000 	/System/Library/PrivateFrameworks/EmbeddedOSSupportHost.framework/Versions/A/EmbeddedOSSupportHost
0x00000001a5bc2000 	/System/Library/PrivateFrameworks/LoginUIKit.framework/Versions/A/LoginUIKit
0x00000001c1150000 	/System/Library/PrivateFrameworks/StorageKit.framework/Versions/A/StorageKit
0x00000001e97dd000 	/System/Library/Frameworks/DeviceCheck.framework/Versions/A/DeviceCheck
0x00000001c11c9000 	/System/Library/PrivateFrameworks/CoreWLANKit.framework/Versions/A/CoreWLANKit
0x000000027638e000 	/System/Library/PrivateFrameworks/Wallpaper.framework/Versions/A/Wallpaper
0x000000027face000 	/usr/lib/swift/libswiftGLKit.dylib
0x000000027fad9000 	/usr/lib/swift/libswiftMetalKit.dylib
0x000000027fadd000 	/usr/lib/swift/libswiftModelIO.dylib
0x000000027fba0000 	/usr/lib/swift/libswiftSceneKit.dylib
0x000000024156e000 	/System/Library/PrivateFrameworks/DiskImages2.framework/Versions/A/DiskImages2
0x00000001c9e61000 	/System/Library/PrivateFrameworks/DynamicDesktop.framework/Versions/A/DynamicDesktop
0x000000027651e000 	/System/Library/PrivateFrameworks/WallpaperFoundation.framework/Versions/A/WallpaperFoundation
0x000000027657c000 	/System/Library/PrivateFrameworks/WallpaperTypes.framework/Versions/A/WallpaperTypes
0x00000001de827000 	/System/Library/PrivateFrameworks/SystemDesktopAppearance.framework/Versions/A/SystemDesktopAppearance
0x000000027bdc3000 	/System/Library/PrivateFrameworks/icloudMCCKit.framework/Versions/A/icloudMCCKit
0x0000000235e46000 	/System/Library/PrivateFrameworks/AppleAccountUI.framework/Versions/A/AppleAccountUI
0x00000001d2e1c000 	/System/Library/PrivateFrameworks/PreferencePanesSupport.framework/Versions/A/PreferencePanesSupport
0x00000001b92c4000 	/System/Library/PrivateFrameworks/FindMyDeviceUI.framework/Versions/A/FindMyDeviceUI
0x0000000279a0a000 	/System/Library/PrivateFrameworks/iCloudQuotaUI.framework/Versions/A/iCloudQuotaUI
0x00000001d2fd0000 	/System/Library/PrivateFrameworks/CoreCDPUI.framework/Versions/A/CoreCDPUI
0x00000001b310c000 	/System/Library/PrivateFrameworks/CoreFollowUpUI.framework/Versions/A/CoreFollowUpUI
0x00000001bfd3a000 	/System/Library/PrivateFrameworks/IMCore.framework/Versions/A/IMCore
0x00000001a8772000 	/System/Library/PrivateFrameworks/CoreCDP.framework/Versions/A/CoreCDP
0x00000001a46ae000 	/System/Library/PrivateFrameworks/AskPermission.framework/Versions/A/AskPermission
0x00000001b6db2000 	/System/Library/Frameworks/Quartz.framework/Versions/A/Quartz
0x00000001c3705000 	/System/Library/PrivateFrameworks/CloudPhotoServicesConfiguration.framework/Versions/A/CloudPhotoServicesConfiguration
0x00000001b54d0000 	/System/Library/PrivateFrameworks/CommerceKit.framework/Versions/A/CommerceKit
0x00000001c4ffc000 	/System/Library/PrivateFrameworks/FindMyMac.framework/Versions/A/FindMyMac
0x00000001c4ed0000 	/System/Library/Frameworks/PreferencePanes.framework/Versions/A/PreferencePanes
0x00000001b8749000 	/System/Library/Frameworks/AddressBook.framework/Versions/A/AddressBook
0x00000001a35be000 	/System/Library/PrivateFrameworks/AOSAccounts.framework/Versions/A/AOSAccounts
0x000000019d85e000 	/System/Library/PrivateFrameworks/AppleSRP.framework/Versions/A/AppleSRP
0x00000001b1860000 	/System/Library/Frameworks/SafariServices.framework/Versions/A/SafariServices
0x00000001a2098000 	/System/Library/PrivateFrameworks/NetFSServer.framework/Versions/A/NetFSServer
0x00000001b42bd000 	/System/Library/Frameworks/PDFKit.framework/Versions/A/PDFKit
0x0000000230e17000 	/System/Library/Frameworks/TabularData.framework/Versions/A/TabularData
0x000000027faf4000 	/usr/lib/swift/libswiftPassKit.dylib
0x00000001d6e65000 	/System/Library/Frameworks/PassKit.framework/Versions/A/PassKit
0x00000001a5cce000 	/System/Library/PrivateFrameworks/PassKitCore.framework/Versions/A/PassKitCore
0x000000025cc67000 	/System/Library/PrivateFrameworks/PassKitMacHelperTemp.framework/Versions/A/PassKitMacHelperTemp
0x000000025bc0b000 	/System/Library/PrivateFrameworks/OSEligibility.framework/Versions/A/OSEligibility
0x000000027e4ab000 	/usr/lib/libAppleSSE.dylib
0x00000001b1996000 	/System/Library/PrivateFrameworks/BiometricKit.framework/Versions/A/BiometricKit
0x00000002625f6000 	/System/Library/PrivateFrameworks/SEService.framework/Versions/A/SEService
0x000000022ad83000 	/System/Library/Frameworks/FinanceKit.framework/Versions/A/FinanceKit
0x00000001b6e61000 	/System/Library/PrivateFrameworks/NearField.framework/Versions/A/NearField
0x000000027e8aa000 	/usr/lib/libSESShared.dylib
0x00000002627f3000 	/System/Library/PrivateFrameworks/STSXPCHelperClient.framework/Versions/A/STSXPCHelperClient
0x00000001b8b51000 	/usr/lib/libnfshared.dylib
0x000000026d877000 	/System/Library/PrivateFrameworks/Symptoms.framework/Versions/A/Frameworks/SymptomPresentationFeed.framework/Versions/A/SymptomPresentationFeed
0x000000023682b000 	/System/Library/PrivateFrameworks/AppleMediaServicesKitInternal.framework/Versions/A/AppleMediaServicesKitInternal
0x0000000237460000 	/System/Library/PrivateFrameworks/AsyncAlgorithmsInternal.framework/Versions/A/AsyncAlgorithmsInternal
0x000000026d5ba000 	/System/Library/PrivateFrameworks/SymptomShared.framework/Versions/A/SymptomShared
0x00000001d99da000 	/System/Library/PrivateFrameworks/PassKitUIFoundation.framework/Versions/A/PassKitUIFoundation
0x000000019d193000 	/System/Library/Frameworks/MapKit.framework/Versions/A/MapKit
0x000000024c0f7000 	/System/Library/PrivateFrameworks/GeoAnalytics.framework/Versions/A/GeoAnalytics
0x00000001b8b7f000 	/System/Library/PrivateFrameworks/Navigation.framework/Versions/A/Navigation
0x00000001c2752000 	/System/Library/PrivateFrameworks/VectorKit.framework/Versions/A/VectorKit
0x00000001aa1af000 	/System/Library/PrivateFrameworks/VirtualGarage.framework/Versions/A/VirtualGarage
0x00000001b8d5b000 	/System/Library/Frameworks/ExternalAccessory.framework/ExternalAccessory
0x00000001b8d76000 	/System/Library/PrivateFrameworks/IAP.framework/Versions/A/IAP
0x000000019d44d000 	/System/Library/PrivateFrameworks/IOPlatformPluginFamily.framework/Versions/A/IOPlatformPluginFamily
0x0000000237a9a000 	/System/Library/PrivateFrameworks/AvatarKit.framework/Versions/A/AvatarKit
0x0000000237b59000 	/System/Library/PrivateFrameworks/AvatarPersistence.framework/Versions/A/AvatarPersistence
0x000000023119f000 	/System/Library/Frameworks/TipKit.framework/Versions/A/TipKit
0x00000001a57db000 	/System/Library/PrivateFrameworks/IMSharedUtilities.framework/Versions/A/IMSharedUtilities
0x000000027fa93000 	/usr/lib/swift/libswiftAppleArchive.dylib
0x00000002731fb000 	/System/Library/PrivateFrameworks/VFX.framework/Versions/A/VFX
0x00000001d4baf000 	/System/Library/PrivateFrameworks/AppleCVA.framework/Versions/A/AppleCVA
0x0000000237b58000 	/System/Library/PrivateFrameworks/AvatarKitContent.framework/Versions/A/AvatarKitContent
0x000000022cc7d000 	/System/Library/Frameworks/MetalFX.framework/Versions/A/MetalFX
0x000000023b0b7000 	/System/Library/PrivateFrameworks/CompositorNonUI.framework/Versions/A/CompositorNonUI
0x00000001eb36c000 	/System/Library/Frameworks/ARKit.framework/Versions/A/ARKit
0x0000000233864000 	/System/Library/PrivateFrameworks/ARKitCore.framework/Versions/A/ARKitCore
0x000000027e5a5000 	/usr/lib/libDisplayWarpSupport.dylib
0x000000023c806000 	/System/Library/PrivateFrameworks/CoreComposite.framework/Versions/A/CoreComposite
0x000000027e9e2000 	/usr/lib/libchannel.dylib
0x000000027f760000 	/usr/lib/librealtime_safety.dylib
0x00000002338f1000 	/System/Library/PrivateFrameworks/ARKitFoundation.framework/Versions/A/ARKitFoundation
0x0000000235ee4000 	/System/Library/PrivateFrameworks/AppleDepth.framework/Versions/A/AppleDepth
0x000000023605a000 	/System/Library/PrivateFrameworks/AppleDepthCore.framework/Versions/A/AppleDepthCore
0x000000019d586000 	/System/Library/PrivateFrameworks/CoreAppleCVA.framework/Versions/A/CoreAppleCVA
0x00000001aa2dd000 	/System/Library/PrivateFrameworks/ContactsUICore.framework/Versions/A/ContactsUICore
0x00000001b17cc000 	/System/Library/PrivateFrameworks/ContactsDonation.framework/Versions/A/ContactsDonation
0x00000001b1053000 	/System/Library/PrivateFrameworks/DataDetectors.framework/Versions/A/DataDetectors
0x00000001a3cfa000 	/System/Library/Frameworks/MediaLibrary.framework/Versions/A/MediaLibrary
0x000000019e47b000 	/System/Library/PrivateFrameworks/PersonaKit.framework/Versions/A/PersonaKit
0x00000001aa2cb000 	/System/Library/PrivateFrameworks/PersonaUI.framework/Versions/A/PersonaUI
0x00000001c48f7000 	/System/Library/PrivateFrameworks/Transparency.framework/Versions/A/Transparency
0x0000000242f58000 	/System/Library/PrivateFrameworks/FindMyLocate.framework/Versions/A/FindMyLocate
0x00000001b308b000 	/System/Library/PrivateFrameworks/IntlPreferences.framework/Versions/A/IntlPreferences
0x0000000242e32000 	/System/Library/PrivateFrameworks/FindMyCommon.framework/Versions/A/FindMyCommon
0x0000000242c22000 	/System/Library/PrivateFrameworks/FindMyBase.framework/Versions/A/FindMyBase
0x000000022e501000 	/System/Library/Frameworks/NearbyInteraction.framework/Versions/A/NearbyInteraction
0x000000019e09e000 	/System/Library/PrivateFrameworks/AddressBookCore.framework/Versions/A/AddressBookCore
0x00000001b88df000 	/System/Library/PrivateFrameworks/ToneKit.framework/Versions/A/ToneKit
0x00000001b30d2000 	/System/Library/PrivateFrameworks/ToneLibrary.framework/Versions/A/ToneLibrary
0x000000023b3bc000 	/System/Library/PrivateFrameworks/ContactsAccounts.framework/Versions/A/ContactsAccounts
0x00000001b6ccd000 	/System/Library/PrivateFrameworks/Lookup.framework/Versions/A/Lookup
0x000000022edde000 	/System/Library/Frameworks/QuickLookUI.framework/Versions/A/QuickLookUI
0x000000022f7f3000 	/System/Library/Frameworks/ScreenCaptureKit.framework/Versions/A/ScreenCaptureKit
0x00000001b3dd1000 	/System/Library/Frameworks/Quartz.framework/Versions/A/Frameworks/QuartzComposer.framework/Versions/A/QuartzComposer
0x00000001b3062000 	/System/Library/Frameworks/Quartz.framework/Versions/A/Frameworks/QuartzFilters.framework/Versions/A/QuartzFilters
0x00000001b210f000 	/System/Library/Frameworks/Quartz.framework/Versions/A/Frameworks/ImageKit.framework/Versions/A/ImageKit
0x00000001eb179000 	/System/Library/Frameworks/OpenCL.framework/Versions/A/OpenCL
0x00000001b05f4000 	/System/Library/PrivateFrameworks/CorePDF.framework/Versions/A/CorePDF
0x000000019b145000 	/System/Library/Frameworks/QuickLook.framework/Versions/A/QuickLook
0x00000001a5bbd000 	/System/Library/PrivateFrameworks/DisplayServices.framework/Versions/A/DisplayServices
0x00000001b2fe7000 	/System/Library/Frameworks/ImageCaptureCore.framework/Versions/A/ImageCaptureCore
0x00000002751cb000 	/System/Library/PrivateFrameworks/VisionKitCore.framework/Versions/A/VisionKitCore
0x00000001ae81c000 	/System/Library/PrivateFrameworks/QuickLookSupport.framework/Versions/A/QuickLookSupport
0x0000000256e28000 	/System/Library/PrivateFrameworks/MediaAnalysisServices.framework/Versions/A/MediaAnalysisServices
0x00000001b5cc9000 	/System/Library/PrivateFrameworks/PhotoLibraryServices.framework/Versions/A/PhotoLibraryServices
0x00000001b2bff000 	/System/Library/Frameworks/Photos.framework/Versions/A/Photos
0x00000001c7265000 	/System/Library/PrivateFrameworks/PhotosFormats.framework/Versions/A/PhotosFormats
0x00000001c3730000 	/System/Library/PrivateFrameworks/CloudPhotoLibrary.framework/Versions/A/CloudPhotoLibrary
0x00000001cca89000 	/System/Library/PrivateFrameworks/CloudPhotoServices.framework/Versions/A/CloudPhotoServices
0x00000001c9096000 	/System/Library/PrivateFrameworks/CoreMediaStream.framework/Versions/A/CoreMediaStream
0x000000019eb1a000 	/System/Library/PrivateFrameworks/CPAnalytics.framework/Versions/A/CPAnalytics
0x00000001c55f2000 	/System/Library/PrivateFrameworks/MediaConversionService.framework/Versions/A/MediaConversionService
0x00000001a57c7000 	/System/Library/PrivateFrameworks/PhotoFoundation.framework/Versions/A/PhotoFoundation
0x000000025e433000 	/System/Library/PrivateFrameworks/PhotoLibraryServicesCore.framework/Versions/A/PhotoLibraryServicesCore
0x00000001bf445000 	/System/Library/PrivateFrameworks/MMCS.framework/Versions/A/MMCS
0x00000001a3b53000 	/System/Library/PrivateFrameworks/ChunkingLibrary.framework/Versions/A/ChunkingLibrary
0x000000019d82b000 	/System/Library/PrivateFrameworks/AssetCacheServices.framework/Versions/A/AssetCacheServices
0x000000019f7c1000 	/System/Library/PrivateFrameworks/AVFoundationCF.framework/Versions/A/AVFoundationCF
0x00000001dc9af000 	/usr/lib/swift/libswiftDemangle.dylib
0x000000024f23f000 	/System/Library/PrivateFrameworks/ImageCaptureDevices.framework/Versions/A/ImageCaptureDevices
0x00000001b130d000 	/System/Library/PrivateFrameworks/MediaStream.framework/Versions/A/MediaStream
0x00000001c5a93000 	/System/Library/PrivateFrameworks/NeutrinoCore.framework/Versions/A/NeutrinoCore
0x000000018d1f0000 	/System/Library/PrivateFrameworks/NLP.framework/Versions/A/NLP
0x00000001cb81e000 	/System/Library/PrivateFrameworks/PhotoImaging.framework/Versions/A/PhotoImaging
0x00000001cca4a000 	/System/Library/PrivateFrameworks/PhotosImagingFoundation.framework/Versions/A/PhotosImagingFoundation
0x000000025efe3000 	/System/Library/PrivateFrameworks/PhotosIntelligenceCore.framework/Versions/A/PhotosIntelligenceCore
0x000000019fbf7000 	/System/Library/PrivateFrameworks/EmbeddedAcousticRecognition.framework/Versions/A/EmbeddedAcousticRecognition
0x00000001baad5000 	/System/Library/PrivateFrameworks/EmojiFoundation.framework/Versions/A/EmojiFoundation
0x00000001c39a9000 	/System/Library/PrivateFrameworks/SDAPI.framework/Versions/A/SDAPI
0x00000001cca98000 	/System/Library/PrivateFrameworks/AutoLoop.framework/Versions/A/AutoLoop
0x000000025fbc0000 	/System/Library/PrivateFrameworks/Portrait.framework/Versions/A/Portrait
0x00000002435e8000 	/System/Library/PrivateFrameworks/FusionTracker.framework/Versions/A/FusionTracker
0x00000001b386e000 	/System/Library/PrivateFrameworks/iTunesCloud.framework/Versions/A/iTunesCloud
0x00000001bc9a2000 	/System/Library/PrivateFrameworks/DAAPKit.framework/Versions/A/DAAPKit
0x00000001aeb98000 	/System/Library/PrivateFrameworks/DeviceManagement.framework/Versions/A/DeviceManagement
0x00000001d2799000 	/System/Library/PrivateFrameworks/ScreenTimeUI.framework/Versions/A/ScreenTimeUI
0x00000001b104d000 	/System/Library/PrivateFrameworks/QuickLookNonBaseSystem.framework/Versions/A/QuickLookNonBaseSystem
0x00000001b18a2000 	/System/Library/PrivateFrameworks/Catalyst.framework/Versions/A/Catalyst
0x00000001b3284000 	/System/Library/PrivateFrameworks/ScreenTimeCore.framework/Versions/A/ScreenTimeCore
0x00000001c671d000 	/System/Library/PrivateFrameworks/ScreenTimeServiceUI.framework/Versions/A/ScreenTimeServiceUI
0x00000001bf5d5000 	/System/Library/PrivateFrameworks/ConfigurationEngineModel.framework/Versions/A/ConfigurationEngineModel
0x00000001c270b000 	/System/Library/PrivateFrameworks/UsageTracking.framework/Versions/A/UsageTracking
0x000000022aa23000 	/System/Library/Frameworks/DeviceActivity.framework/Versions/A/DeviceActivity
0x00000001c26db000 	/System/Library/PrivateFrameworks/KnowledgeMonitor.framework/Versions/A/KnowledgeMonitor
0x00000001d9980000 	/System/Library/PrivateFrameworks/BluetoothManager.framework/Versions/A/BluetoothManager
0x000000022c01c000 	/System/Library/Frameworks/ManagedSettings.framework/Versions/A/ManagedSettings
0x000000025658b000 	/System/Library/PrivateFrameworks/ManagedSettingsSupport.framework/Versions/A/ManagedSettingsSupport
0x00000001d6f35000 	/System/Library/Frameworks/ReplayKit.framework/Versions/A/ReplayKit
0x00000001a6b7c000 	/System/Library/PrivateFrameworks/MarkupUI.framework/Versions/A/MarkupUI
0x00000001b1025000 	/System/Library/PrivateFrameworks/SidecarCore.framework/Versions/A/SidecarCore
0x00000001b3c86000 	/System/Library/PrivateFrameworks/AnnotationKit.framework/Versions/A/AnnotationKit
0x00000001b2354000 	/System/Library/Frameworks/PencilKit.framework/Versions/A/PencilKit
0x00000001b2519000 	/System/Library/PrivateFrameworks/SidecarUI.framework/Versions/A/SidecarUI
0x00000001b1cb2000 	/System/Library/PrivateFrameworks/CoreHandwriting.framework/Versions/A/CoreHandwriting
0x0000000186dd8000 	/usr/lib/libmecabra.dylib
0x00000001aa893000 	/System/Library/PrivateFrameworks/Calculate.framework/Versions/A/Calculate
0x000000019688d000 	/usr/lib/libChineseTokenizer.dylib
0x00000001e7de5000 	/System/Library/PrivateFrameworks/ScreenReaderCore.framework/Versions/A/ScreenReaderCore
0x000000026cb57000 	/System/Library/PrivateFrameworks/StocksKit.framework/Versions/A/StocksKit
0x00000001a9899000 	/System/Library/PrivateFrameworks/OAuth.framework/Versions/A/OAuth
0x000000026c849000 	/System/Library/PrivateFrameworks/StocksCore.framework/Versions/A/StocksCore
0x000000026dde1000 	/System/Library/PrivateFrameworks/TeaFoundation.framework/Versions/A/TeaFoundation
0x000000026dfc3000 	/System/Library/PrivateFrameworks/TeaSettings.framework/Versions/A/TeaSettings
0x00000001de094000 	/System/Library/PrivateFrameworks/NewsCore.framework/Versions/A/NewsCore
0x000000026dd7d000 	/System/Library/PrivateFrameworks/TeaDB.framework/Versions/A/TeaDB
0x00000001daa7a000 	/System/Library/PrivateFrameworks/RemoteConfiguration.framework/Versions/A/RemoteConfiguration
0x00000001ddc9f000 	/System/Library/PrivateFrameworks/NewsTransport.framework/Versions/A/NewsTransport
0x00000001de084000 	/System/Library/PrivateFrameworks/NewsFoundation.framework/Versions/A/NewsFoundation
0x000000025a963000 	/System/Library/PrivateFrameworks/NewsURLBucket.framework/Versions/A/NewsURLBucket
0x00000001b58c2000 	/System/Library/PrivateFrameworks/MobileInstallation.framework/Versions/A/MobileInstallation
0x000000023130c000 	/System/Library/Frameworks/Translation.framework/Versions/A/Translation
0x00000001ce417000 	/System/Library/PrivateFrameworks/RevealCore.framework/Versions/A/RevealCore
0x00000001ce40b000 	/System/Library/PrivateFrameworks/Reveal.framework/Versions/A/Reveal
0x00000001c63e8000 	/System/Library/Frameworks/Speech.framework/Versions/A/Speech
0x000000023274e000 	/System/Library/PrivateFrameworks/AIMLExperimentationAnalytics.framework/Versions/A/AIMLExperimentationAnalytics
0x0000000234a9e000 	/System/Library/PrivateFrameworks/AlgorithmsInternal.framework/Versions/A/AlgorithmsInternal
0x0000000271574000 	/System/Library/PrivateFrameworks/TranslationUIServices.framework/Versions/A/TranslationUIServices
0x0000000270471000 	/System/Library/PrivateFrameworks/TipKitCore.framework/Versions/A/TipKitCore
0x00000001bab59000 	/System/Library/PrivateFrameworks/CoreCDPInternal.framework/Versions/A/CoreCDPInternal
0x000000024fa16000 	/System/Library/PrivateFrameworks/InputAnalytics.framework/Versions/A/InputAnalytics
0x00000001c0573000 	/System/Library/Frameworks/InstantMessage.framework/Versions/A/InstantMessage
0x00000001b8657000 	/System/Library/PrivateFrameworks/IDSKVStore.framework/Versions/A/IDSKVStore
0x00000001b833f000 	/System/Library/PrivateFrameworks/IMDPersistence.framework/Versions/A/IMDPersistence
0x00000002730f1000 	/System/Library/PrivateFrameworks/UserSafety.framework/Versions/A/UserSafety
0x00000001d8c63000 	/System/Library/PrivateFrameworks/BlastDoor.framework/Versions/A/BlastDoor
0x0000000253df2000 	/System/Library/PrivateFrameworks/LinkPresentationStyleSheetParsing.framework/Versions/A/LinkPresentationStyleSheetParsing
0x000000025fd6b000 	/System/Library/PrivateFrameworks/PosterFoundation.framework/Versions/A/PosterFoundation
0x000000025fdf8000 	/System/Library/PrivateFrameworks/PosterModel.framework/Versions/A/PosterModel
0x000000025fdd3000 	/System/Library/PrivateFrameworks/PosterFuturesKit.framework/Versions/A/PosterFuturesKit
0x0000000242a26000 	/System/Library/PrivateFrameworks/FeedbackService.framework/Versions/A/FeedbackService
0x00000001b1723000 	/System/Library/PrivateFrameworks/CoreSDB.framework/Versions/A/CoreSDB
0x0000000237279000 	/System/Library/PrivateFrameworks/AskToCore.framework/Versions/A/AskToCore
0x00000001d2fcd000 	/System/Library/PrivateFrameworks/MachineSettings.framework/Versions/A/MachineSettings
0x00000001c4e54000 	/System/Library/PrivateFrameworks/BezelServices.framework/Versions/A/BezelServices
0x00000001bca2e000 	/System/Library/PrivateFrameworks/SPOwner.framework/Versions/A/SPOwner
0x00000001b5535000 	/System/Library/PrivateFrameworks/FMCore.framework/Versions/A/FMCore
0x00000001b4d6b000 	/System/Library/PrivateFrameworks/AppleMediaServicesUI.framework/Versions/A/AppleMediaServicesUI
0x0000000279962000 	/System/Library/PrivateFrameworks/iCloudQuota.framework/Versions/A/iCloudQuota
0x00000001aa248000 	/System/Library/PrivateFrameworks/CoreRecognition.framework/Versions/A/CoreRecognition
0x00000001c4f08000 	/System/Library/PrivateFrameworks/InAppMessages.framework/Versions/A/InAppMessages
0x00000001e69eb000 	/System/Library/PrivateFrameworks/JetUI.framework/Versions/A/JetUI
0x0000000253197000 	/System/Library/PrivateFrameworks/JetPack.framework/Versions/A/JetPack
0x00000001c4eff000 	/System/Library/PrivateFrameworks/InAppMessagesCore.framework/Versions/A/InAppMessagesCore
0x0000000278d2f000 	/System/Library/PrivateFrameworks/_JetEngine_SwiftUI.framework/Versions/A/_JetEngine_SwiftUI
0x000000026d8a0000 	/System/Library/PrivateFrameworks/Synapse.framework/Versions/A/Synapse
0x00000002393dc000 	/System/Library/PrivateFrameworks/CSExattrCrypto.framework/Versions/A/CSExattrCrypto
0x00000001b69b6000 	/System/Library/PrivateFrameworks/StoreFoundation.framework/Versions/A/StoreFoundation
0x00000001b552f000 	/System/Library/PrivateFrameworks/ServerInformation.framework/Versions/A/ServerInformation
0x00000001b4f73000 	/System/Library/PrivateFrameworks/Install.framework/Frameworks/DistributionKit.framework/Versions/A/DistributionKit
0x00000001ae5f1000 	/System/Library/PrivateFrameworks/PackageKit.framework/Versions/A/PackageKit
0x00000001b4f96000 	/System/Library/PrivateFrameworks/OSPersonalization.framework/Versions/A/OSPersonalization
0x00000001b6f40000 	/System/Library/PrivateFrameworks/BridgeOSSoftwareUpdate.framework/Versions/A/BridgeOSSoftwareUpdate
0x00000001b1bba000 	/System/Library/PrivateFrameworks/StorageManagement.framework/Versions/A/StorageManagement
0x00000001c626e000 	/usr/lib/libauthinstall.dylib
0x00000001b6f49000 	/System/Library/PrivateFrameworks/InstallerDiagnostics.framework/Versions/A/InstallerDiagnostics
0x00000001c68e9000 	/usr/lib/libcrypto.42.dylib
0x000000028011b000 	/usr/lib/updaters/libT200Updater.dylib
0x00000001b6f2e000 	/System/Library/PrivateFrameworks/GPUInfo.framework/Versions/A/GPUInfo
0x00000001c5002000 	/System/Library/PrivateFrameworks/MobileActivationMacOS.framework/Versions/A/MobileActivationMacOS
0x00000001a97e0000 	/System/Library/PrivateFrameworks/AccountsDaemon.framework/Versions/A/AccountsDaemon
0x000000024c02a000 	/System/Library/PrivateFrameworks/GenerativePartnerService.framework/Versions/A/GenerativePartnerService
0x00000001998d6000 	/System/Library/PrivateFrameworks/CacheDelete.framework/Versions/A/CacheDelete
0x00000001a21bc000 	/System/Library/Frameworks/QuickLookThumbnailing.framework/Versions/A/QuickLookThumbnailing
0x00000001b6f8d000 	/System/Library/PrivateFrameworks/AOSKit.framework/Versions/A/AOSKit
0x00000001969be000 	/System/Library/PrivateFrameworks/AppSSOCore.framework/Versions/A/AppSSOCore
0x00000001b09fe000 	/System/Library/Frameworks/AVFoundation.framework/Versions/A/AVFoundation
0x0000000237bf2000 	/System/Library/PrivateFrameworks/BackgroundSystemTasks.framework/Versions/A/BackgroundSystemTasks
0x00000001a20d2000 	/System/Library/PrivateFrameworks/DuetActivityScheduler.framework/Versions/A/DuetActivityScheduler
0x00000001c365f000 	/System/Library/PrivateFrameworks/NetworkServiceProxy.framework/Versions/A/NetworkServiceProxy
0x000000019d4bf000 	/usr/lib/libnetworkextension.dylib
0x000000019fb0b000 	/System/Library/PrivateFrameworks/Rapport.framework/Versions/A/Rapport
0x000000026d5ca000 	/System/Library/PrivateFrameworks/Symptoms.framework/Versions/A/Frameworks/SymptomAnalytics.framework/Versions/A/SymptomAnalytics
0x000000019a306000 	/System/Library/Frameworks/NetworkExtension.framework/Versions/A/NetworkExtension
0x00000001a08a9000 	/System/Library/PrivateFrameworks/CoreDuetContext.framework/Versions/A/CoreDuetContext
0x000000018b854000 	/System/Library/PrivateFrameworks/CoreDuet.framework/Versions/A/CoreDuet
0x00000001a5521000 	/System/Library/PrivateFrameworks/AssistantServices.framework/Versions/A/AssistantServices
0x000000019f905000 	/System/Library/PrivateFrameworks/SAObjects.framework/Versions/A/SAObjects
0x00000001a511e000 	/System/Library/PrivateFrameworks/MediaRemote.framework/Versions/A/MediaRemote
0x00000001b746d000 	/System/Library/PrivateFrameworks/SiriInstrumentation.framework/Versions/A/SiriInstrumentation
0x00000002645f8000 	/System/Library/PrivateFrameworks/SiriAnalytics.framework/Versions/A/SiriAnalytics
0x000000026a4a7000 	/System/Library/PrivateFrameworks/SiriTTSService.framework/Versions/A/SiriTTSService
0x0000000264f37000 	/System/Library/PrivateFrameworks/SiriCrossDeviceArbitration.framework/Versions/A/SiriCrossDeviceArbitration
0x00000001b4d3c000 	/System/Library/PrivateFrameworks/FeedbackLogger.framework/Versions/A/FeedbackLogger
0x0000000242636000 	/System/Library/PrivateFrameworks/FaceTimeNameUtility.framework/Versions/A/FaceTimeNameUtility
0x0000000264f8b000 	/System/Library/PrivateFrameworks/SiriCrossDeviceArbitrationFeedback.framework/Versions/A/SiriCrossDeviceArbitrationFeedback
0x000000024bee4000 	/System/Library/PrivateFrameworks/GenerativeModels.framework/Versions/A/GenerativeModels
0x00000001eb4b2000 	/System/Library/Frameworks/AVRouting.framework/Versions/A/AVRouting
0x00000001aa05b000 	/System/Library/PrivateFrameworks/MediaServices.framework/Versions/A/MediaServices
0x0000000197f37000 	/System/Library/Frameworks/MediaToolbox.framework/Versions/A/MediaToolbox
0x000000019e8bc000 	/System/Library/PrivateFrameworks/CoreAVCHD.framework/Versions/A/CoreAVCHD
0x000000019e8b8000 	/System/Library/PrivateFrameworks/Mangrove.framework/Versions/A/Mangrove
0x00000002391fa000 	/System/Library/PrivateFrameworks/CMPhoto.framework/Versions/A/CMPhoto
0x000000019f091000 	/System/Library/Frameworks/CoreTelephony.framework/Versions/A/CoreTelephony
0x000000019e8ab000 	/System/Library/PrivateFrameworks/CoreAUC.framework/Versions/A/CoreAUC
0x00000002365af000 	/System/Library/PrivateFrameworks/AppleJPEGXL.framework/Versions/A/AppleJPEGXL
0x0000000199977000 	/usr/lib/libTelephonyUtilDynamic.dylib
0x000000019f743000 	/System/Library/Frameworks/LocalAuthentication.framework/Versions/A/LocalAuthentication
0x0000000254026000 	/System/Library/PrivateFrameworks/LocalAuthenticationCore.framework/Versions/A/LocalAuthenticationCore
0x00000002541ab000 	/System/Library/PrivateFrameworks/LocalAuthenticationCredentialServices.framework/Versions/A/LocalAuthenticationCredentialServices
0x000000019f7af000 	/System/Library/Frameworks/LocalAuthentication.framework/Support/SharedUtils.framework/Versions/A/SharedUtils
0x0000000196e07000 	/System/Library/PrivateFrameworks/PersistentConnection.framework/Versions/A/PersistentConnection
0x000000026bcb9000 	/System/Library/PrivateFrameworks/SonicFoundation.framework/Versions/A/SonicFoundation
0x0000000240ece000 	/System/Library/PrivateFrameworks/Dendrite.framework/Versions/A/Dendrite
0x00000001b9317000 	/usr/lib/libtailspin.dylib
0x00000001ccba8000 	/System/Library/PrivateFrameworks/Osprey.framework/Versions/A/Osprey
0x0000000269b04000 	/System/Library/PrivateFrameworks/SiriTTS.framework/Versions/A/SiriTTS
0x00000001b17e9000 	/System/Library/Frameworks/NaturalLanguage.framework/Versions/A/NaturalLanguage
0x00000002688e7000 	/System/Library/PrivateFrameworks/SiriPowerInstrumentation.framework/Versions/A/SiriPowerInstrumentation
0x00000001b26a8000 	/System/Library/PrivateFrameworks/Trial.framework/Versions/A/Trial
0x00000001b262b000 	/System/Library/PrivateFrameworks/TrialProto.framework/Versions/A/TrialProto
0x0000000272817000 	/System/Library/PrivateFrameworks/UnifiedAssetFramework.framework/Versions/A/UnifiedAssetFramework
0x00000001ceb4a000 	/usr/lib/swift/libswiftAVFoundation.dylib
0x00000001dea2b000 	/usr/lib/swift/libswiftNaturalLanguage.dylib
0x000000026dd7b000 	/System/Library/PrivateFrameworks/TailspinSymbolication.framework/Versions/A/TailspinSymbolication
0x0000000240b0d000 	/System/Library/PrivateFrameworks/Darwinup.framework/Versions/A/Darwinup
0x00000001c562d000 	/System/Library/PrivateFrameworks/SignpostSupport.framework/Versions/A/SignpostSupport
0x00000001b16b0000 	/System/Library/PrivateFrameworks/FeatureFlagsSupport.framework/Versions/A/FeatureFlagsSupport
0x00000001c4d66000 	/System/Library/PrivateFrameworks/ktrace.framework/Versions/A/ktrace
0x00000001c585c000 	/System/Library/PrivateFrameworks/SampleAnalysis.framework/Versions/A/SampleAnalysis
0x00000001ce3e5000 	/System/Library/PrivateFrameworks/kperfdata.framework/Versions/A/kperfdata
0x000000019b288000 	/usr/lib/libdscsym.dylib
0x00000001ce8a0000 	/System/Library/PrivateFrameworks/BulkSymbolication.framework/Versions/A/BulkSymbolication
0x00000001a2208000 	/System/Library/PrivateFrameworks/Espresso.framework/Versions/A/Espresso
0x000000019041b000 	/System/Library/Frameworks/CoreML.framework/Versions/A/CoreML
0x00000001e818b000 	/System/Library/PrivateFrameworks/ANECompiler.framework/Versions/A/ANECompiler
0x00000001a42e1000 	/System/Library/PrivateFrameworks/AppleNeuralEngine.framework/Versions/A/AppleNeuralEngine
0x000000022cd24000 	/System/Library/Frameworks/MetalPerformanceShadersGraph.framework/Versions/A/MetalPerformanceShadersGraph
0x0000000254ab2000 	/System/Library/PrivateFrameworks/MLCompilerServices.framework/Versions/A/MLCompilerServices
0x00000001a30a4000 	/System/Library/PrivateFrameworks/ANEServices.framework/Versions/A/ANEServices
0x000000025b9bd000 	/System/Library/PrivateFrameworks/ODIE.framework/Versions/A/ODIE
0x0000000254a56000 	/System/Library/PrivateFrameworks/MLCompilerRuntime.framework/Versions/A/MLCompilerRuntime
0x00000001947e1000 	/System/Library/Frameworks/MLCompute.framework/Versions/A/MLCompute
0x00000002549d8000 	/System/Library/PrivateFrameworks/MLAssetIO.framework/Versions/A/MLAssetIO
0x000000027fad2000 	/usr/lib/swift/libswiftMLCompute.dylib
0x000000019f298000 	/System/Library/PrivateFrameworks/AVFCore.framework/Versions/A/AVFCore
0x00000001a87fe000 	/System/Library/PrivateFrameworks/AVFCapture.framework/Versions/A/AVFCapture
0x0000000238fe3000 	/System/Library/PrivateFrameworks/CMImaging.framework/Versions/A/CMImaging
0x00000001a8a42000 	/System/Library/PrivateFrameworks/Quagga.framework/Versions/A/Quagga
0x00000001a8b76000 	/System/Library/PrivateFrameworks/CMCapture.framework/Versions/A/CMCapture
0x00000001994fe000 	/System/Library/Frameworks/CoreMediaIO.framework/Versions/A/CoreMediaIO
0x0000000238f1f000 	/System/Library/PrivateFrameworks/CMCaptureDevice.framework/Versions/A/CMCaptureDevice
0x0000000196f7d000 	/System/Library/PrivateFrameworks/CoreBrightness.framework/Versions/A/CoreBrightness
0x0000000239fe6000 	/System/Library/PrivateFrameworks/CinematicFraming.framework/Versions/A/CinematicFraming
0x00000001cbc67000 	/System/Library/PrivateFrameworks/CPMS.framework/Versions/A/CPMS
0x000000026da77000 	/System/Library/PrivateFrameworks/SystemStatus.framework/Versions/A/SystemStatus
0x00000001b05f6000 	/System/Library/Frameworks/CoreMotion.framework/Versions/A/CoreMotion
0x00000001c0631000 	/System/Library/PrivateFrameworks/TimeSync.framework/Versions/A/TimeSync
0x00000002417b1000 	/System/Library/PrivateFrameworks/DistributedSensing.framework/Versions/A/DistributedSensing
0x00000001bbc7c000 	/System/Library/PrivateFrameworks/MobileBluetooth.framework/Versions/A/MobileBluetooth
0x00000001c2312000 	/System/Library/PrivateFrameworks/IOKitten.framework/Versions/A/IOKitten
0x0000000188053000 	/System/Library/PrivateFrameworks/LanguageModeling.framework/Versions/A/LanguageModeling
0x000000018cff7000 	/System/Library/PrivateFrameworks/Montreal.framework/Versions/A/Montreal
0x000000019523a000 	/usr/lib/libcmph.dylib
0x000000024bfbe000 	/System/Library/PrivateFrameworks/GenerativeModelsFoundation.framework/Versions/A/GenerativeModelsFoundation
0x00000002707da000 	/System/Library/PrivateFrameworks/TokenGeneration.framework/Versions/A/TokenGeneration
0x000000024bd76000 	/System/Library/PrivateFrameworks/GenerativeFunctions.framework/Versions/A/GenerativeFunctions
0x000000024bdc2000 	/System/Library/PrivateFrameworks/GenerativeFunctionsFoundation.framework/Versions/A/GenerativeFunctionsFoundation
0x00000002581e8000 	/System/Library/PrivateFrameworks/ModelCatalog.framework/Versions/A/ModelCatalog
0x0000000263abb000 	/System/Library/PrivateFrameworks/SensitiveContentAnalysisML.framework/Versions/A/SensitiveContentAnalysisML
0x000000024be81000 	/System/Library/PrivateFrameworks/GenerativeFunctionsInstrumentation.framework/Versions/A/GenerativeFunctionsInstrumentation
0x0000000260e60000 	/System/Library/PrivateFrameworks/PromptKit.framework/Versions/A/PromptKit
0x0000000260938000 	/System/Library/PrivateFrameworks/ProactiveDaemonSupport.framework/Versions/A/ProactiveDaemonSupport
0x00000002585cf000 	/System/Library/PrivateFrameworks/ModelManagerServices.framework/Versions/A/ModelManagerServices
0x0000000270a2a000 	/System/Library/PrivateFrameworks/TokenGenerationCore.framework/Versions/A/TokenGenerationCore
0x00000002364d9000 	/System/Library/PrivateFrameworks/AppleIntelligenceReporting.framework/Versions/A/AppleIntelligenceReporting
0x0000000236144000 	/System/Library/PrivateFrameworks/AppleFlatBuffers.framework/Versions/A/AppleFlatBuffers
0x0000000263cf4000 	/System/Library/PrivateFrameworks/SentencePieceInternal.framework/Versions/A/SentencePieceInternal
0x000000019d8a3000 	/System/Library/Frameworks/Vision.framework/Versions/A/Vision
0x00000002404e5000 	/System/Library/PrivateFrameworks/CoreSceneUnderstanding.framework/Versions/A/CoreSceneUnderstanding
0x000000027517f000 	/System/Library/PrivateFrameworks/VisionCore.framework/Versions/A/VisionCore
0x00000001bac30000 	/System/Library/Frameworks/Vision.framework/libfaceCore.dylib
0x00000001bb753000 	/System/Library/PrivateFrameworks/Futhark.framework/Versions/A/Futhark
0x00000001bf4f1000 	/System/Library/PrivateFrameworks/InertiaCam.framework/Versions/A/InertiaCam
0x00000001bb4db000 	/System/Library/PrivateFrameworks/TextRecognition.framework/Versions/A/TextRecognition
0x00000001969df000 	/System/Library/PrivateFrameworks/CVNLP.framework/Versions/A/CVNLP
0x000000018feb9000 	/System/Library/PrivateFrameworks/ApplePushService.framework/Versions/A/ApplePushService
0x000000018ff24000 	/System/Library/Frameworks/CloudKit.framework/Versions/A/CloudKit
0x00000001a3262000 	/System/Library/PrivateFrameworks/CoreDuetDaemonProtocol.framework/Versions/A/CoreDuetDaemonProtocol
0x00000001c7e24000 	/System/Library/PrivateFrameworks/DeviceIdentity.framework/Versions/A/DeviceIdentity
0x000000022fa0a000 	/System/Library/Frameworks/SharedWithYouCore.framework/Versions/A/SharedWithYouCore
0x000000023a886000 	/System/Library/PrivateFrameworks/CloudTelemetry.framework/Versions/A/CloudTelemetry
0x00000001a1ba2000 	/System/Library/PrivateFrameworks/AppleAccount.framework/Versions/A/AppleAccount
0x00000001a2161000 	/System/Library/PrivateFrameworks/C2.framework/Versions/A/C2
0x000000023a502000 	/System/Library/PrivateFrameworks/CloudCoreInternal.framework/Versions/A/CloudCoreInternal
0x000000023a2a5000 	/System/Library/PrivateFrameworks/CloudAsset.framework/Versions/A/CloudAsset
0x00000001a2158000 	/System/Library/Frameworks/PushKit.framework/Versions/A/PushKit
0x000000023a8a6000 	/System/Library/PrivateFrameworks/CloudTelemetryTools.framework/Versions/A/CloudTelemetryTools
0x00000001a403f000 	/System/Library/PrivateFrameworks/RTCReporting.framework/Versions/A/RTCReporting
0x0000000232635000 	/System/Library/PrivateFrameworks/AAAFoundationSwift.framework/Versions/A/AAAFoundationSwift
0x00000001a1e2b000 	/System/Library/PrivateFrameworks/AppleIDSSOAuthentication.framework/Versions/A/AppleIDSSOAuthentication
0x00000001b6861000 	/System/Library/PrivateFrameworks/CaptiveNetwork.framework/Versions/A/CaptiveNetwork
0x00000001a1637000 	/System/Library/PrivateFrameworks/EAP8021X.framework/Versions/A/EAP8021X
0x00000002408f3000 	/System/Library/PrivateFrameworks/CryptoKitPrivate.framework/Versions/A/CryptoKitPrivate
0x00000001b0c4e000 	/System/Library/PrivateFrameworks/FindMyDevice.framework/Versions/A/FindMyDevice
0x00000001a5cae000 	/System/Library/PrivateFrameworks/FMCoreLite.framework/Versions/A/FMCoreLite
0x00000001341b4000 	/Users/kristijan/Developer/IdeaProjects/javafx-sdk-21.0.10/lib/libjavafx_font.dylib
0x00000001c5825000 	/System/Library/PrivateFrameworks/UIKitServices.framework/Versions/A/UIKitServices
0x00000001c59bc000 	/System/Library/PrivateFrameworks/AccessibilitySupport.framework/Versions/A/Frameworks/AccessibilityFoundation.framework/Versions/A/AccessibilityFoundation
0x000000026e4f9000 	/System/Library/PrivateFrameworks/TextInputUI.framework/Versions/A/TextInputUI
0x000000026e52d000 	/System/Library/PrivateFrameworks/TextInputUIMacHelper.framework/Versions/A/TextInputUIMacHelper
0x00000001bb83f000 	/System/Library/PrivateFrameworks/SafariPlatformSupport.framework/Versions/A/SafariPlatformSupport
0x000000026c2b4000 	/System/Library/PrivateFrameworks/SpotlightKnowledge.framework/Versions/A/SpotlightKnowledge
0x0000000241c68000 	/System/Library/PrivateFrameworks/DocumentUnderstandingClient.framework/Versions/A/DocumentUnderstandingClient
0x000000026c29b000 	/System/Library/PrivateFrameworks/SpotlightEmbedding.framework/Versions/A/SpotlightEmbedding
0x000000018b7f7000 	/System/Library/PrivateFrameworks/SpotlightLinguistics.framework/Versions/A/SpotlightLinguistics
0x000000026c42d000 	/System/Library/PrivateFrameworks/SpotlightResources.framework/Versions/A/SpotlightResources
0x00000001a3618000 	/System/Library/PrivateFrameworks/SpotlightIndex.framework/Versions/A/SpotlightIndex
0x00000001b6825000 	/System/Library/PrivateFrameworks/DataDeliveryServices.framework/Versions/A/DataDeliveryServices
0x000000023a01f000 	/System/Library/PrivateFrameworks/CipherML.framework/Versions/A/CipherML
0x000000025dea7000 	/System/Library/PrivateFrameworks/PegasusKit.framework/Versions/A/PegasusKit
0x000000026d1bd000 	/System/Library/PrivateFrameworks/SwiftSQLite.framework/Versions/A/SwiftSQLite
0x000000013f78c000 	/opt/homebrew/Cellar/openjdk@17/17.0.14/libexec/openjdk.jdk/Contents/Home/lib/libawt.dylib
0x000000013f824000 	/opt/homebrew/Cellar/openjdk@17/17.0.14/libexec/openjdk.jdk/Contents/Home/lib/libmlib_image.dylib
0x000000022bea2000 	/System/Library/Frameworks/JavaRuntimeSupport.framework/Versions/A/JavaRuntimeSupport
0x000000013f9ac000 	/opt/homebrew/Cellar/openjdk@17/17.0.14/libexec/openjdk.jdk/Contents/Home/lib/libawt_lwawt.dylib
0x000000013f748000 	/opt/homebrew/Cellar/openjdk@17/17.0.14/libexec/openjdk.jdk/Contents/Home/lib/libosxapp.dylib
0x00000001aec60000 	/System/Library/Frameworks/ExceptionHandling.framework/Versions/A/ExceptionHandling
0x000000013f87c000 	/opt/homebrew/Cellar/openjdk@17/17.0.14/libexec/openjdk.jdk/Contents/Home/lib/libfontmanager.dylib
0x000000013fc04000 	/opt/homebrew/Cellar/harfbuzz/10.3.0/lib/libharfbuzz.0.dylib
0x000000013fae0000 	/opt/homebrew/Cellar/freetype/2.13.3/lib/libfreetype.6.dylib
0x000000013fe50000 	/opt/homebrew/Cellar/glib/2.82.5/lib/libglib-2.0.0.dylib
0x000000013f898000 	/opt/homebrew/Cellar/graphite2/1.3.14/lib/libgraphite2.3.2.1.dylib
0x000000013f8bc000 	/opt/homebrew/Cellar/libpng/1.6.47/lib/libpng16.16.dylib
0x000000013f8f0000 	/opt/homebrew/Cellar/gettext/0.24/lib/libintl.8.dylib
0x000000013fd28000 	/opt/homebrew/Cellar/pcre2/10.44/lib/libpcre2-8.0.dylib


VM Arguments:
jvm_args: --module-path=/Users/kristijan/Developer/IdeaProjects/javafx-sdk-21.0.10/lib --add-modules=javafx.controls,javafx.fxml -Djava.library.path=/Users/kristijan/Developer/IdeaProjects/javafx-sdk-21.0.10/lib -javaagent:/Applications/IntelliJ IDEA.app/Contents/lib/idea_rt.jar=50904 -Dfile.encoding=UTF-8 
java_command: walkability.Main
java_class_path (initial): /Users/kristijan/Developer/IdeaProjects/Senior Project/out/production/Senior Project:/Users/kristijan/.m2/repository/junit/junit/4.13.2/junit-4.13.2.jar:/Users/kristijan/.m2/repository/org/hamcrest/hamcrest-core/1.3/hamcrest-core-1.3.jar:/Users/kristijan/Developer/IdeaProjects/javafx-sdk-21.0.10/lib/javafx-swt.jar:/Users/kristijan/Developer/IdeaProjects/javafx-sdk-21.0.10/lib/javafx.web.jar:/Users/kristijan/Developer/IdeaProjects/javafx-sdk-21.0.10/lib/javafx.base.jar:/Users/kristijan/Developer/IdeaProjects/javafx-sdk-21.0.10/lib/javafx.fxml.jar:/Users/kristijan/Developer/IdeaProjects/javafx-sdk-21.0.10/lib/javafx.media.jar:/Users/kristijan/Developer/IdeaProjects/javafx-sdk-21.0.10/lib/javafx.swing.jar:/Users/kristijan/Developer/IdeaProjects/javafx-sdk-21.0.10/lib/javafx.controls.jar:/Users/kristijan/Developer/IdeaProjects/javafx-sdk-21.0.10/lib/javafx.graphics.jar
Launcher Type: SUN_STANDARD

[Global flags]
     intx CICompilerCount                          = 4                                         {product} {ergonomic}
     uint ConcGCThreads                            = 2                                         {product} {ergonomic}
     uint G1ConcRefinementThreads                  = 8                                         {product} {ergonomic}
   size_t G1HeapRegionSize                         = 2097152                                   {product} {ergonomic}
    uintx GCDrainStackTargetSize                   = 64                                        {product} {ergonomic}
   size_t InitialHeapSize                          = 268435456                                 {product} {ergonomic}
   size_t MarkStackSize                            = 4194304                                   {product} {ergonomic}
   size_t MaxHeapSize                              = 4294967296                                {product} {ergonomic}
   size_t MaxNewSize                               = 2575302656                                {product} {ergonomic}
   size_t MinHeapDeltaBytes                        = 2097152                                   {product} {ergonomic}
   size_t MinHeapSize                              = 8388608                                   {product} {ergonomic}
    uintx NonNMethodCodeHeapSize                   = 5839564                                {pd product} {ergonomic}
    uintx NonProfiledCodeHeapSize                  = 122909338                              {pd product} {ergonomic}
    uintx ProfiledCodeHeapSize                     = 122909338                              {pd product} {ergonomic}
    uintx ReservedCodeCacheSize                    = 251658240                              {pd product} {ergonomic}
     bool SegmentedCodeCache                       = true                                      {product} {ergonomic}
   size_t SoftMaxHeapSize                          = 4294967296                             {manageable} {ergonomic}
     bool UseCompressedClassPointers               = true                           {product lp64_product} {ergonomic}
     bool UseCompressedOops                        = true                           {product lp64_product} {ergonomic}
     bool UseG1GC                                  = true                                      {product} {ergonomic}
     bool UseNUMA                                  = false                                     {product} {ergonomic}
     bool UseNUMAInterleaving                      = false                                     {product} {ergonomic}

Logging:
Log output configuration:
 #0: stdout all=warning uptime,level,tags
 #1: stderr all=off uptime,level,tags

Environment Variables:
PATH=/opt/homebrew/bin:/opt/homebrew/sbin:/usr/local/bin:/System/Cryptexes/App/usr/bin:/usr/bin:/bin:/usr/sbin:/sbin:/var/run/com.apple.security.cryptexd/codex.system/bootstrap/usr/local/bin:/var/run/com.apple.security.cryptexd/codex.system/bootstrap/usr/bin:/var/run/com.apple.security.cryptexd/codex.system/bootstrap/usr/appleinternal/bin:/opt/pmk/env/global/bin:/usr/local/share/dotnet:~/.dotnet/tools
SHELL=/bin/zsh
LANG=C.UTF-8
TMPDIR=/var/folders/yd/q9p_0fqj6_vg5vld555465640000gn/T/

Active Locale:
LC_ALL=C.UTF-8
LC_COLLATE=C.UTF-8
LC_CTYPE=C.UTF-8
LC_MESSAGES=C.UTF-8
LC_MONETARY=C.UTF-8
LC_NUMERIC=C.UTF-8
LC_TIME=C.UTF-8

Signal Handlers:
   SIGSEGV: crash_handler in libjvm.dylib, mask=11100110000111110111111111111111, flags=SA_RESTART|SA_SIGINFO, unblocked
    SIGBUS: crash_handler in libjvm.dylib, mask=11100110000111110111111111111111, flags=SA_RESTART|SA_SIGINFO, unblocked
    SIGFPE: crash_handler in libjvm.dylib, mask=11100110000111110111111111111111, flags=SA_RESTART|SA_SIGINFO, unblocked
   SIGPIPE: javaSignalHandler in libjvm.dylib, mask=11100110000111110111111111111111, flags=SA_RESTART|SA_SIGINFO, blocked
   SIGXFSZ: javaSignalHandler in libjvm.dylib, mask=11100110000111110111111111111111, flags=SA_RESTART|SA_SIGINFO, blocked
    SIGILL: crash_handler in libjvm.dylib, mask=11100110000111110111111111111111, flags=SA_RESTART|SA_SIGINFO, unblocked
   SIGUSR2: SR_handler in libjvm.dylib, mask=00000000000000000000000000000000, flags=SA_RESTART|SA_SIGINFO, blocked
    SIGHUP: UserHandler in libjvm.dylib, mask=11100110000111110111111111111111, flags=SA_RESTART|SA_SIGINFO, blocked
    SIGINT: UserHandler in libjvm.dylib, mask=11100110000111110111111111111111, flags=SA_RESTART|SA_SIGINFO, blocked
   SIGTERM: UserHandler in libjvm.dylib, mask=11100110000111110111111111111111, flags=SA_RESTART|SA_SIGINFO, blocked
   SIGQUIT: UserHandler in libjvm.dylib, mask=11100110000111110111111111111111, flags=SA_RESTART|SA_SIGINFO, blocked
   SIGTRAP: crash_handler in libjvm.dylib, mask=11100110000111110111111111111111, flags=SA_RESTART|SA_SIGINFO, unblocked


Periodic native trim disabled


---------------  S Y S T E M  ---------------

OS:
uname: Darwin 25.1.0 Darwin Kernel Version 25.1.0: Mon Oct 20 19:26:04 PDT 2025; root:xnu-12377.41.6~2/RELEASE_ARM64_T8122 arm64
OS uptime: 0 days 21:13 hours
rlimit (soft/hard): STACK 8176k/65520k , CORE 0k/infinity , NPROC 2666/4000 , NOFILE 1048576/infinity , AS infinity/infinity , CPU infinity/infinity , DATA infinity/infinity , FSIZE infinity/infinity , MEMLOCK infinity/infinity , RSS infinity/infinity
load average: 3.33 2.55 2.72

CPU: total 8 (initial active 8) 0x61:0x0:0xfa33415e:0, fp, simd, crc, lse
machdep.cpu.brand_string:Apple M3
hw.cachelinesize:128
hw.l1icachesize:131072
hw.l1dcachesize:65536
hw.l2cachesize:4194304

Memory: 16k page, physical 16777216k(111392k free), swap 2097152k(1410112k free)

vm_info: OpenJDK 64-Bit Server VM (17.0.14+0) for bsd-aarch64 JRE (17.0.14+0), built on Feb 10 2025 18:12:13 by "brew" with clang Apple LLVM 16.0.0 (clang-1600.0.26.6)

END.
